wallet,pred_prob,pred_prob_raw,flagged,volume,n_trades,first_trade_ts,adaptive_markout_raw_grosswt_h0p070,unrealized_edge_per_open_token,adaptive_markout_raw_grosswt_h0p010,adaptive_markout_raw_grosswt_h0p150,unrealized_edge_per_open_token_sqrt,buy_markout_adj_grosswt_h0p070_lb0p150,adaptive_markout_raw_grosswt_h0p200,buy_markout_adj_grosswt_h0p030_lb0p200,high_sell_nonflattening_cash_frac_pctl90,realized_pnl_per_closing_trade,adaptive_plus_realized_alpha0p25_h0p030,buy_markout_adj_grosswt_h0p030_lb0p010,adaptive_plus_realized_alpha0p5_h0p070,buy_markout_adj_mean_h0p200_lb0p030,buy_markout_adj_mean_h0p200_lb0p200,sell_markout_adj_median_h0p150_lb0p010,n_distinct_buy_days,major_move_time_remaining_pct,time_to_major_move_pct_of_market,adaptive_markout_raw_grosswt_h0p030,herfindahl_index_markets,median_bet_size_usdc,time_since_first_deposit_to_first_trade_seconds,wallet_age_seconds,wallet_to_market_age_ratio,avg_bet_size_usdc,wallet_minus_market_age_seconds,funder_flagged_wallet_count,winrate,n_markets_traded
0xfb83f6ca0e1e320f4050e8a7202ef53366df42d5,0.6339604315688045,0.9249524,1,363.0715,10,1767435065,0.10816315948600835,0.10833741168472648,0.10816315948600835,0.10816315948600835,0.3416660650763629,0.9795723879554968,0.10816315948600835,1.0802391798277082,0.0,34.418875,0.15920626285753506,1.0782465117427273,0.21024936622906176,3.4790638217922747,3.4879638117122735,,1,0.9971727016256966,-0.8207777030528207,0.10816315948600835,0.3183897317492081,56.644,390604.0,390604.0,0.29048489508887737,182.9224584761905,-954058.0,,0.0,7.0
0xa64790bf3b45c024f3edc2614e8516466c7f5560,0.5984321149536288,0.8898125,1,127.39544799999999,3,1767452945,0.68573400943283,0.6867461551828311,0.68573400943283,0.68573400943283,1.1723371143743362,1.6807092890688098,0.68573400943283,2.045286535447102,0.0,,0.68573400943283,2.064286545527104,0.68573400943283,3.6930369358266746,3.696436925746673,,1,0.9971727016256966,-0.8317291967557119,0.68573400943283,0.2236134051214283,77.4999995,14928.0,14928.0,0.010955992549220502,85.62499925,-1347614.0,,0.0,6.0
0x3be115f41213b0e4863a4365abfa9b374e9163f9,0.5910080290685492,0.8826114,1,191.049998,3,1767476491,0.3230465171247722,0.32405866287477325,0.3230465171247722,0.3230465171247722,0.5325104132259193,-0.0012388342797266757,0.3230465171247722,-0.026215124003967936,0.0,,0.3230465171247722,0.009134604760867146,0.3230465171247722,0.5381147290343274,0.5061147290343275,,1,0.9971727016256966,-0.8461511134631098,0.3230465171247722,0.8167828489358784,110.4175995,523616.0,523616.0,0.37776533668857964,371.8596831666667,-862472.0,,0.6666666666666666,3.0
0x206ea8551d011bcfcf88c3ecee5c08f8cca2096a,0.5858651725150077,0.87764674,1,971.9685360000002,27,1767433299,0.12806867460265775,0.14182689852706865,0.12806867460265775,0.12806867460265775,0.8629220057079692,0.5629915102234069,0.12806867460265775,0.7823112201031712,0.0,7.970070701818182,0.13881874118060422,0.7802633961518068,0.1495688077585507,3.298062977810495,3.306962967730494,,1,0.9971727016256966,-0.8196960286747835,0.12806867460265775,0.3143635127622889,23.7349995,10218.0,10218.0,0.007608928762912392,22.1049017,-1332678.0,,0.0,5.0
0xea426ccecd626b9bfdb17831b1c1896c59e1330b,0.5795643353889932,0.8715887,1,66.11456399999999,8,1767539149,0.4074138432822663,0.4084259890322674,0.4074138432822663,0.4074138432822663,1.0187897256141492,0.3434229302986299,0.4074138432822663,0.14236996563546905,0.0,,0.4074138432822663,0.1894394375273542,0.4074138432822663,0.8677192360039163,0.817869235940459,,1,0.9971727016256966,-0.884529116395758,0.4074138432822663,1.0,0.999999,1638.0,1638.0,0.0011306329750004488,0.999999,-1447108.0,,0.0,1.0
0x575644961ad4ff6f059a2b667d14c832f6e26d16,0.5675901288824765,0.8601427,1,2.4476020000000003,3,1767459483,0.6329316830749493,0.6339438288249504,0.6329316830749493,0.6329316830749493,1.0734930435749799,1.5704711544158512,0.6329316830749493,1.3344697871506883,0.0,,0.6329316830749493,1.405324341804433,0.6329316830749493,2.710674857001001,2.7064876027976705,,1,0.9971727016256966,-0.8357337194531114,0.6329316830749493,1.0,0.999999,200.0,200.0,0.00014608350132935987,0.999999,-1368880.0,,0.0,1.0
0xf61b719a05acc9f7b97b68cfbd1fb250f51bbece,0.5672899988920374,0.85985684,1,7.999998,2,1767451511,0.6153846751651108,0.6163968209151117,0.6153846751651108,0.6153846751651108,0.8717167439418109,0.9301661452644461,0.6153846751651108,1.2360704072526074,0.0,,0.6153846751651108,1.2658704290235103,0.6153846751651108,2.456286971214099,2.4596869611340977,,1,0.9971727016256966,-0.8308508722607485,0.6153846751651108,0.23183392224710625,3.999999,1080.0,1080.0,0.0007934712014035624,3.3999992,-1360028.0,,0.0,5.0
0x22337384a842ae0e6053ca261055412d90dc6fc1,0.5589527544351058,0.8519339,1,3.472221,2,1767440275,0.7196358171414929,0.7206479628914939,0.7196358171414929,0.7196358171414929,1.0191501228176936,1.9072941225128086,0.7196358171414929,2.0536365410240354,0.0,,0.7196358171414929,2.1607365884288496,0.7196358171414929,4.574549713793598,4.583449703713596,,1,0.9971727016256966,-0.8239688262179249,0.7196358171414929,0.45093931115928587,8.0,94822.0,94822.0,0.07024517880213828,11.153999666666666,-1255050.0,,0.0,8.0
0x473bb8bb82cb1445d8421e3ed92379217bda0161,0.5424883537555687,0.83637583,1,8.210179,3,1767531673,0.3947368438564779,0.395748989606479,0.3947368438564779,0.3947368438564779,0.6741127211511357,0.4503012146885158,0.3947368438564779,0.16824268748074453,0.0,,0.3947368438564779,0.2492569368852654,0.3947368438564779,0.8356134798198536,0.7637135254445601,,1,0.9971727016256966,-0.8799500690287103,0.3947368438564779,1.0,4.999999,446.0,446.0,0.0003094493051267285,4.999999,-1440824.0,,0.0,1.0
0x280d78674f70ec76894a43d2453e5dd194e46eee,0.5234067952416838,0.8184519,1,7.999994000000001,4,1767521511,0.3591704079107026,0.3601825536607036,0.3591704079107026,0.3591704079107026,0.7084131889527102,-0.03542364985010431,0.3591704079107026,0.11167654074080527,0.0,,0.3591704079107026,0.18056871635903443,0.3591704079107026,0.7485319684801603,0.6716319543513988,,1,0.9971727016256966,-0.8737258476076376,0.3591704079107026,0.5000000000180003,0.9999929999999999,2472.0,2472.0,0.0017273329476182092,0.9999929999999999,-1428636.0,,0.0,2.0
0x31a56e9e690c621ed21de08cb559e9524cdb8ed9,0.5211968542751192,0.81638116,1,10283.391938999997,68,1767311813,2.9353572052668366e-07,5.659790539438337e-07,2.9353572052668366e-07,2.9353572052668366e-07,0.0007438926549183949,1.1567623250836885,2.9353572052668366e-07,0.20884184684070473,0.0,164.30924556306667,0.058049455121906915,0.1936777545964059,0.1160986167080933,6.0539756090361525,6.084972552054261,,2,0.9971727016256966,-0.7452858964606095,2.9353572052668366e-07,0.43649164037038846,99.999999,528224.0,528224.0,0.4324706691446771,503.86799940000003,-693186.0,,0.0,4.0
0xe547ff5bd2dd707be4e3a958a7922dfc40e68a2d,0.5205898478629126,0.8158125,1,9.765165,2,1767524343,0.4939271586498177,0.49493930439981865,0.4939271586498177,0.4939271586498177,0.6999498768337292,0.35900126933805276,0.4939271586498177,0.597496572112364,0.0,,0.4939271586498177,0.689496583160468,0.4939271586498177,1.3890448950894558,1.292844888637952,,1,0.9971727016256966,-0.8754604466102432,0.4939271586498177,0.2500062321562573,4.9949984999999995,59194.0,59194.0,0.041280667252465236,4.9824969999999995,-1374746.0,,0.0,4.0
0xaf33895ed00606e100bd2d5926fde17c5ed5ab3e,0.5189139709896101,0.8142429,1,15.600623,2,1767553661,0.3623482007537131,0.3633603465037141,0.3623482007537131,0.3623482007537131,0.5138691300541398,0.08044466136137884,0.3623482007537131,0.12980177616145858,0.0,,0.3623482007537131,0.20000178055871887,0.3623482007537131,0.7293832363277103,0.64148323193045,,1,0.9971727016256966,-0.8934177112848161,0.3623482007537131,0.34413592935774673,10.999935,3598.0,3598.0,0.0024588965172238934,11.999976666666667,-1459660.0,,0.0,3.0
0xbe3d2c351eed2376b6d650760739b38a6bfe658f,0.5090905420089379,0.8050491,1,369.703316,5,1767475335,0.3160376403725297,0.3170497861225308,0.3160376403725297,0.3160376403725297,0.6387967734568686,-0.015045377812565435,0.3160376403725297,-0.3910657430192819,0.0,,0.3160376403725297,-0.366065743019282,0.3160376403725297,0.5382961215365368,0.484596121536537,,1,0.9971727016256966,-0.8454430638702383,0.3160376403725297,0.20000321284255088,199.999999,284.0,284.0,0.0002050642197595261,199.599999,-1384648.0,,0.0,5.0
0xc9162dc7cab70ac13a9335e77bd442b055986977,0.49849121057422874,0.79513633,1,5.0,2,1767539663,0.40890688300041933,0.40991902875042036,0.40890688300041933,0.40890688300041933,0.5797130499336511,0.3330057660417281,0.40890688300041933,0.14713175223647487,0.0,,0.40890688300041933,0.19423175029857198,0.40890688300041933,0.8712497624036115,0.8247497624036115,,1,0.9971727016256966,-0.8848439412147338,0.40890688300041933,0.6265706443494741,5.9874995,6680.0,6680.0,0.004609248858037895,5.9874995,-1442580.0,,0.0,2.0
0x22ffd666636ec7b83a61c154071a00e0905cb2d1,0.49494909341784527,0.7918238,1,3.999998,2,1767442479,0.521255139631128,0.522267285381129,0.521255139631128,0.521255139631128,0.7385974781697723,0.42586405422037943,0.521255139631128,0.017057225717158078,0.0,,0.521255139631128,0.027957235797159675,0.521255139631128,1.4841643491521253,1.4930643390721237,,1,0.9971727016256966,-0.8253187754417041,0.521255139631128,1.0,1.999999,1224.0,1224.0,0.0009052745555723199,1.999999,-1350852.0,,0.0,1.0
0xab66e349f6bd20719457799f8a00ec21ee52278d,0.4826874627048201,0.78035116,1,33.332499999999996,3,1767488117,0.3846153850003944,0.3856275307503954,0.3846153850003944,0.3846153850003944,0.6668079459135664,0.18117382949690256,0.3846153850003944,0.03201237050893338,0.0,,0.3846153850003944,0.0772123705089334,0.3846153850003944,0.7475748755591473,0.7263748755591473,,1,0.9971727016256966,-0.8532720343685802,0.3846153850003944,0.488779575140327,13.9275,1052.0,1052.0,0.0007526575536912415,24.0425,-1396662.0,,0.0,3.0
0x0e97fe5342d32e3cfa8062d33e4abc6dda0fbda7,0.46154828775521833,0.76051843,1,15.348835999999999,2,1767532323,0.358299610007791,0.359311755757792,0.358299610007791,0.358299610007791,0.5081435581127585,0.2695388702323696,0.358299610007791,0.11517174156109294,0.0,,0.358299610007791,0.18887176342986228,0.358299610007791,0.684282296210712,0.6228822951480771,,1,0.9971727016256966,-0.8803481937997886,0.358299610007791,0.3333333333333356,9.899998,16606.0,16606.0,0.011516588992454505,9.899998000000002,-1425314.0,0.0,0.0,3.0
0xf27f53d5d8b7b616e47799545983c6249d5b61da,0.445492137758753,0.74537146,1,15.220699,2,1767533975,0.3461538626593642,0.3471660084093653,0.3461538626593642,0.3461538626593642,0.4909668774874563,0.11281429919350333,0.3461538626593642,0.08659163191922048,0.0,,0.3461538626593642,0.16149163737701522,0.3461538626593642,0.6335115158866005,0.5805115158866005,,1,0.9971727016256966,-0.8813600432179751,0.3461538626593642,0.5,9.999999,40792.0,40792.0,0.028257683025162583,9.999999,-1402780.0,,0.0,2.0
0x3857890b43049a100d67c6cf363805fac1e02c60,0.4125301914914646,0.71390074,1,59.999998,2,1767471253,0.4159919095192526,0.4170040552692536,0.4159919095192526,0.4159919095192526,0.5897327905263581,0.275225351355408,0.4159919095192526,-0.028185672419655507,0.0,,0.4159919095192526,0.004814327580344488,0.4159919095192526,0.8777402422933098,0.8567402422933099,,1,0.9971727016256966,-0.8429428403078668,0.4159919095192526,0.3392703367238143,9.999999,626.0,626.0,0.00045334395481044283,14.749998999999999,-1380224.0,,0.0,4.0
0xe98c96a5d5a61d16f53ba22a182bf1a631ee2a97,0.3773871789865616,0.6795022,1,45.649996,3,1767649643,0.15587046336905175,0.15688260911905277,0.15587046336905175,0.15587046336905175,0.26763921627463344,0.12236028433075435,0.15587046336905175,0.10981494600793698,0.0,,0.15587046336905175,0.17911494600793698,0.15587046336905175,0.18493297856079063,0.11516028256079062,,1,0.9971727016256966,-0.9522066524811749,0.15587046336905175,0.45557656316265394,11.999998,85720.0,85720.0,0.05497550088504656,15.333331999999999,-1473520.0,,0.0,3.0
0xd0127c8a5fa157c1dd5d298aeeffb7f204c23bfd,0.3698766700531596,0.6719994,1,1.5408309999999998,2,1767483517,0.3542512220460527,0.3552633677960538,0.3542512220460527,0.3542512220460527,0.5024182729515203,-0.03794790710188363,0.3542512220460527,-0.0645501420605849,0.0,,0.3542512220460527,-0.03755014206058492,0.3542512220460527,0.6256243064006803,0.6125243064006802,,1,0.9971727016256966,-0.8504545359886418,0.3542512220460527,0.8347108655146838,5.499999000000001,1586.0,1586.0,0.0011384567235703611,5.499999000000001,-1391528.0,,0.0,2.0
0xf234acc1df0e8719438532b716860f8db78e716d,0.35525905342967457,0.65721124,1,1.650164,2,1767492381,0.3977735152809176,0.3987856610309186,0.3977735152809176,0.3977735152809176,0.5639680903098451,0.16821725001528326,0.3977735152809176,-0.10771382989627881,0.0,,0.3977735152809176,-0.03621378335545012,0.3977735152809176,0.8115750633105485,0.7804750609529281,,1,0.9971727016256966,-0.8558837328668536,0.3977735152809176,0.5,0.999999,1004.0,1004.0,0.000716131066250683,0.999999,-1400974.0,,0.0,2.0
0x8897b45ef8f129c53659c45fa155cd255bff2a21,0.3547084983568239,0.6566491,1,20.228269,4,1767684093,0.2766150091381539,0.2776271548881549,0.2766150091381539,0.2766150091381539,0.5538225634665546,0.4076307256653792,0.2766150091381539,0.37612298484457335,0.0,,0.0,0.4497562972493976,0.0,0.45400759941483704,0.3727075886901241,,1,0.9971727016256966,-0.9733072653483225,0.2766150091381539,0.3931573522829386,5.179998,90336.0,90336.0,0.05668354573348644,9.642683472222224,-1503354.0,,0.2,5.0
0x638908988c2b0a0b5d67a5c6241df6085e66c6f6,0.3529472858157858,0.6548482,1,3.300329,2,1767492445,0.3977733944488244,0.3987855401988255,0.3977733944488244,0.3977733944488244,0.5639679194274599,0.17457626377646598,0.3977733944488244,-0.11831298825901199,0.0,,0.3977733944488244,-0.046812965594604905,0.3977733944488244,0.8115745521343725,0.780474549776752,,1,0.9971727016256966,-0.8559229328443136,0.3977733944488244,1.0,1.999999,992.0,992.0,0.0007075394317716588,1.999999,-1401050.0,,0.0,1.0
0x70896ef90afcc72080a90420be2bcafbd4eb9160,0.34546874887075685,0.6471548,1,212.925118,9,1767468669,6.271734258009548e-06,1.4578823784656158e-05,6.271734258009548e-06,6.271734258009548e-06,0.003014901496356179,0.7229851636695415,6.271734258009548e-06,0.6455481410945106,0.0,11.721794044800001,0.033394821485613436,0.6587484497490368,0.06678337123696886,2.5485799943527985,2.543979994352798,,1,0.9971727016256966,-0.8413601412179188,6.271734258009548e-06,1.0,42.719999,122.0,122.0,8.851702066219437e-05,42.719999,-1378144.0,,0.0,1.0
0xdaca7bce901ef147f939dd45aa4fab0dbec3d857,0.3439469244686087,0.64557976,1,1962.6848220000002,21,1767471813,4.33042176548418e-07,2.4914755363059652e-06,4.33042176548418e-07,4.33042176548418e-07,0.001029140067059644,0.12066977339690493,4.33042176548418e-07,-0.023655909176540663,0.0,9.696421626666671,0.00887514917661449,-0.007155813618704207,0.01774986531105243,0.8004100085074123,0.7942100085074123,,1,0.9971727016256966,-0.8432858401106419,4.33042176548418e-07,1.0,497.469999,474.0,474.0,0.00034312767389840814,497.469999,-1380936.0,,0.0,1.0
0x4b265f926880b5ec061a9e69b9f14f4437497fa1,0.3410397901290855,0.6425617,1,213.475998,7,1767436231,1.713797373653024e-06,4.100879418949704e-06,1.713797373653024e-06,1.713797373653024e-06,0.0015797882400342405,0.4056498424342629,1.713797373653024e-06,0.3063651804701287,0.0,16.805693378454468,0.03179316211909712,0.3046651740548977,0.06358461044082059,2.3512766190694405,2.360176608989439,,1,0.9971727016256966,-0.8214918776421704,1.713797373653024e-06,1.0,39.999999,238.0,238.0,0.0001768428060643708,39.999999,-1345590.0,,0.0,1.0
0x18b2080ab96c5b4895c783c5c05ededa2ea294c8,0.34048314486358106,0.6419824,1,186.238878,8,1767460043,3.7967332235524564e-06,3.834324641607432e-06,3.7967332235524564e-06,3.7967332235524564e-06,0.0015411385332791652,0.6742891324355907,3.7967332235524564e-06,0.5873799264789993,0.0,59.515817076,0.075977851357697,0.6047885699689671,0.15195190598217045,2.4356216498095278,2.4314343956061966,,1,0.9971727016256966,-0.8360767192558864,3.7967332235524564e-06,1.0,38.999999,518.0,518.0,0.00037820157121579395,38.999999,-1369122.0,,0.0,1.0
0x7d127f224f241f564d829850301afb3250b5339f,0.33540722405994977,0.63667846,1,5.999998,2,1767438453,0.7155870976609984,0.7165992434109995,0.7155870976609984,0.7155870976609984,1.0134243688181344,1.9434609790583235,0.7155870976609984,2.207303113439556,0.0,,0.7155870976609984,2.220303123519557,0.7155870976609984,4.454593987624848,4.463493977544847,,1,0.9971727016256966,-0.8228528518596102,0.7155870976609984,0.12507234439804352,4.9999994999999995,2258.0,2258.0,0.0016750120544490189,5.7599982,-1345792.0,,0.0,10.0
0x793975b31af44860deca0a22d40e4e5d7de21d79,0.3227252094964275,0.6232483,1,8.785278,4,1767458645,0.00048195061782383715,0.00048745862361639124,0.00048195061782383715,0.00048195061782383715,0.018689904624012987,1.430180896201821,0.00048195061782383715,1.1456258225060638,0.0,2.394000551249527,0.0889844803084084,1.1884549539980729,0.17748700999899295,4.460097210070996,4.463497199990995,,1,0.9971727016256966,-0.8352204447482443,0.00048195061782383715,0.24260374783831673,1.499999,246.0,246.0,0.00017979275595983752,2.1666648333333334,-1367996.0,,0.0,6.0
0xad12f3a7dda5d1f2b75abfa10074a15339eef9ad,0.3127397446123513,0.6124788,1,10.547043,4,1767451191,0.00021966125664927592,0.0004197219357522501,0.00021966125664927592,0.00021966125664927592,0.016242324440311567,0.5084112396663368,0.00021966125664927592,0.6732422020905793,0.0,1.712750296603609,0.04131063181399792,0.6774450151138209,0.08240160237134657,2.62795364606779,2.6313536359877885,,1,0.9971727016256966,-0.8306548723734484,0.00021966125664927592,1.0,1.999999,160.0,160.0,0.00011757893220692716,1.999999,-1360628.0,,0.0,1.0
0xd3d1856dcd0c66bd45080e1f6efa10b6eb7d0b02,0.31099898567204526,0.6105825,1,56.750997999999996,5,1767462021,4.4538523197350406e-05,8.347557442671955e-05,4.4538523197350406e-05,4.4538523197350406e-05,0.007184918478894035,0.7060023866891818,4.4538523197350406e-05,0.6814752927478285,0.0,8.378200270926847,0.04128391185408247,0.7171737388930561,0.0825232851849676,2.4839329997739448,2.4797457455706144,,1,0.9971727016256966,-0.8372882435592599,4.4538523197350406e-05,0.5555555703703718,14.999999500000001,132.0,132.0,9.623670730480352e-05,14.999999500000001,-1371486.0,,0.0,2.0
0x475f3a08e5d69c30269fb21a4d0472da13458ed7,0.2843044126242476,0.580715,1,64.319996,2,1767508725,0.2692307919003904,0.2702429376503914,0.2692307919003904,0.2692307919003904,0.38218122756073025,-0.0999824372963097,0.2692307919003904,-0.26129684753259,0.0,,0.2692307919003904,-0.20869685886479358,0.2692307919003904,0.3821434608304365,0.3585632196983261,,1,0.9971727016256966,-0.8658944271107044,0.2692307919003904,1.0,32.159998,23228.0,23228.0,0.016377099135457252,32.159998,-1395094.0,,0.0,1.0
0x2d3961163c1d9e94f047a9f437402a3e620cbc31,0.2742159389220157,0.568996,1,7.2674389999999995,2,1767481971,0.3147773327070047,0.3157894784570057,0.3147773327070047,0.3147773327070047,0.44659376328862377,-0.1121130598801233,0.3147773327070047,-0.2658232866678962,0.0,,0.3147773327070047,-0.2349233091132057,0.3147773327070047,0.5053764585006231,0.4841764585006231,,1,0.9971727016256966,-0.8495076115331234,0.3147773327070047,0.7222221481481297,2.999999,240.0,240.0,0.0001724673174433445,2.999999,-1391328.0,,0.0,2.0
0x050ee4f95b2735d8fd3b4ea729b5a9bd9b88d92f,0.27077844619483493,0.5649422,1,46.0,6,1767467089,0.0,0.0,0.0,0.0,0.0,0.9250684807606058,0.0,0.8090887001927968,0.0,6.0200000000000005,0.03808198384378905,0.8244004556114042,0.0761639676875781,3.1263460594025516,3.1217460594025517,,1,0.9971727016256966,-0.8403923917743747,0.0,0.456786399276165,3.395,1918.0,1918.0,0.0013932007734516077,5.8575,-1374768.0,,0.0,4.0
0xa4cb6048043d67d6b707f9006a7f43bdf0247797,0.27075976941377483,0.56492007,1,7.763973999999999,2,1767561329,0.35931177462365277,0.3603239203736538,0.35931177462365277,0.35931177462365277,0.5095749750398644,0.1517802515941016,0.35931177462365277,0.0673072074728972,0.0,,0.35931177462365277,0.13220721406745817,0.35931177462365277,0.7139096046409454,0.6265096661616087,,1,0.9971727016256966,-0.8981143585842438,0.35931177462365277,0.31112436412705347,4.999999,916158.0,916158.0,0.6228443851016299,8.199998400000002,-554768.0,,0.0,5.0
0xd388dc16c4e964ea22726553b3dd64cab0640190,0.2632255068831064,0.55591947,1,2363.754178,27,1767511679,9.570718243004288e-10,-8.773158389929695e-08,9.570718243004288e-10,9.570718243004288e-10,-0.00015626649094014543,0.0,9.570718243004288e-10,0.0,0.0,15.933872241176479,0.009802165675609164,0.0,0.019604330394146503,,,-1.862370846631266,1,0.9971727016256966,-0.8757115714658464,9.570718243004288e-10,0.6867692803020753,929.999999,94200.0,94200.0,0.06627847089516745,857.2903326666668,-1327076.0,,0.5,2.0
0xf52bf0e7c958b177727ad6a58f058a1faf87be70,0.25315489007412667,0.5436258,1,15.0,2,1767472291,0.2520242917502584,0.25303643750025945,0.2520242917502584,0.2520242917502584,0.3578475616874389,-0.09009401076758505,0.2520242917502584,-0.2973213055223333,0.0,,0.2520242917502584,-0.26862130556944336,0.2520242917502584,0.35036057874191157,0.31236057874191153,,1,0.9971727016256966,-0.8435786149422964,0.2520242917502584,1.0,7.5,252.0,252.0,0.00018235920711374582,7.5,-1381636.0,,0.0,1.0
0x02c1ec85e707b3440e608eb252360c0437637dec,0.24255535684244234,0.5303318,1,8470.332644999997,53,1767433651,-1.6145394294198144e-07,2.9201597622862685e-07,-1.6145394294198144e-07,-1.6145394294198144e-07,0.0003848076498269968,0.10781629285589754,-1.6145394294198144e-07,0.21444427867456942,0.0,-130.649284413913,-0.03800958552768223,0.21274428273559104,-0.07601900960142151,1.5771754425080273,1.5860754324280257,,1,0.9971727016256966,-0.8199116285508136,-1.6145394294198144e-07,0.4111025471444072,344.2027245,348470.0,348470.0,0.25942342739389895,533.3444059999999,-994778.0,,0.3333333333333333,6.0
0xabf102c63afcf99de1590f143d758effedb32d3e,0.2363123212710132,0.5223167,1,141.695278,6,1767470153,3.903022372654152e-06,7.262069417502581e-06,3.903022372654152e-06,3.903022372654152e-06,0.001981172802450436,0.3665496299686742,3.903022372654152e-06,0.22768660149407643,0.0,13.710280253324072,0.03623149136407008,0.2443368252066094,0.07245907970576751,1.6555652348607446,1.6365652365139602,,1,0.9971727016256966,-0.8422690906952729,3.903022372654152e-06,0.7420809846737315,19.7249995,3056.0,3056.0,0.0022148940025366916,19.7249995,-1376694.0,,0.0,2.0
0x41fc18688bd9e1733cb4c646c960e57e01771dd7,0.22673240098245964,0.50972736,1,1.375512,2,1767509749,0.2753038088266509,0.2763159545766519,0.2753038088266509,0.2753038088266509,0.39076977046236927,-0.0884453425290617,0.2753038088266509,-0.23731622131250987,0.0,,0.2753038088266509,-0.18431622146500987,0.2753038088266509,0.3905011022179784,0.37410110221797843,,1,0.9971727016256966,-0.8665216267500646,0.2753038088266509,1.0,0.999997,5686.0,5686.0,0.004006070401438409,0.999997,-1413660.0,,0.0,1.0
0x1431cd7481fd9d1548318f7efeb51d7b69b9a949,0.21620254466642516,0.49544773,1,12.440000000000001,2,1767437855,0.0,0.0,0.0,0.0,0.0,1.5939000390040012,0.0,1.4558999949599989,0.0,4.36,0.027580971687528284,1.4670499999999997,0.05516194337505657,6.358899999999999,6.367799989919998,,1,0.9971727016256966,-0.8224865770702182,0.0,0.5895783453339672,7.0049995,84458.0,84458.0,0.06267978376966304,7.0049995,-1262994.0,,0.0,2.0
0xfe15d16d1dff561c1780f0302264507ece5b462c,0.214406483890034,0.4929624,1,1.999998,2,1767499189,0.3431174092503518,0.34412955500035286,0.3431174092503518,0.3431174092503518,0.48667268389491697,-0.021104480416293318,0.3431174092503518,-0.20720180724767617,0.0,,0.3431174092503518,-0.14930182253650318,0.3431174092503518,0.5997426582120271,0.574242658212027,,1,0.9971727016256966,-0.8600536304691625,0.3431174092503518,0.5555515792229286,0.999999,70160.0,70160.0,0.049801744196776514,2.9999642,-1338626.0,,0.0,5.0
0xed27ce9e9b9fd3ca2b48659a7d24a008efe40678,0.19569583775401259,0.4661122,1,20.399996,2,1767472947,0.25809723594305584,0.2591093816930569,0.25809723594305584,0.25809723594305584,0.36643600172842805,-0.13340517911739302,0.25809723594305584,-0.2776488162559169,0.0,,0.25809723594305584,-0.24944881625591694,0.25809723594305584,0.38185708607460855,0.32695708607460855,,1,0.9971727016256966,-0.8439804147112615,0.25809723594305584,0.7258802878655771,6.099998,82566.0,82566.0,0.059720341631080094,6.099998,-1299978.0,0.0,0.0,2.0
0x67dee999f6dcaf4cdcbe14b379f059552cc7dd20,0.18755030079425578,0.45381722,1,1.470587,2,1767477781,0.32287460437188126,0.3238867501218823,0.32287460437188126,0.32287460437188126,0.45804503469531166,-0.003365934253059276,0.32287460437188126,-0.3275021689799511,0.0,,0.32287460437188126,-0.3022021689799511,0.32287460437188126,0.5362890501670791,0.5088890501670791,,1,0.9971727016256966,-0.8469412380087882,0.32287460437188126,0.43485124681862,0.999999,35924.0,35924.0,0.025893447928394424,2.4578933333333333,-1351454.0,0.0,0.1111111111111111,9.0
0x98937189dd66c67995c75623803964faa172b2ce,0.18729104496665627,0.45341924,1,28.901733,2,1767450869,0.6609311963931888,0.6619433421431898,0.6609311963931888,0.6609311963931888,0.9361292519814729,1.3255104800869977,0.6609311963931888,1.5693553997119252,0.0,,0.6609311963931888,1.5845361138073928,0.6609311963931888,3.18247816329416,3.1858781532141585,,1,0.9971727016256966,-0.8304576474868527,0.6609311963931888,0.021430016251651487,1.0,423458.0,423458.0,0.3112595243100526,1.897594061797753,-937008.0,,0.04790419161676647,167.0
0xf3b59b9018be90d3d9084e13101f1183d52988cf,0.18135733500567447,0.44419196,1,5.0,2,1767570671,0.14372469650014738,0.14473684225014843,0.14372469650014738,0.14372469650014738,0.2046888052852151,-0.31622447924690145,0.14372469650014738,-0.3194058566259269,0.0,,0.14372469650014738,-0.2576058566259269,0.14372469650014738,0.14328519594054348,0.0952851959405435,,1,0.9971727016256966,-0.90383633029411,0.14372469650014738,1.0,4.285,340.0,340.0,0.00022968813755347005,4.285,-1479928.0,,0.0,1.0
0x64aa3f2869de45f6121f6760288432d19681e774,0.18073708048115966,0.44321397,1,26.46,4,1767468003,0.0,0.0,0.0,0.0,0.0,0.7986085047805509,0.0,0.7588397945510958,0.0,0.18000000000000016,0.001518218625001558,0.7781897945510958,0.003036437250003116,2.7663827841910735,2.7617827841910736,,1,0.9971727016256966,-0.8409522164524755,0.0,0.40312705456936226,6.875,1410.0,1410.0,0.0010235191637630661,7.8,-1376190.0,,0.0,4.0
0x3b35f717fe40a369972f9c11acbfc0912bdbee5e,0.17148822818188794,0.42830908,1,29.043734999999998,4,1767457507,4.488044580623534e-05,0.0001795217475805126,4.488044580623534e-05,4.488044580623534e-05,0.010884384465308511,0.7422652972438982,4.488044580623534e-05,0.9411651730562891,0.0,2.3406806196627667,0.02066174550586619,0.951067866276047,0.041278610565926147,3.1449167587761764,3.1483167486961747,,1,0.9971727016256966,-0.8345234201490335,4.488044580623534e-05,0.6800000384000038,12.4999995,35302.0,35302.0,0.02582246851739151,12.4999995,-1331802.0,,0.0,2.0
0xf8e12ca5698b6c25b8f04a6f2ad0776eb9c5688f,0.16516881293351973,0.41775486,1,70.2,4,1767422375,0.0,0.0,0.0,0.0,0.0,1.5914999999999997,0.0,1.0940000328755723,0.0,-6.926400000000003,-0.01872469637501921,1.0918000339285725,-0.03744939275003842,5.9701,5.979999997894,,1,0.9971727016256966,-0.8130050825220776,0.0,1.0,11.7,122.0,122.0,9.159351698083744e-05,11.7,-1331850.0,,0.0,1.0
0x3f859676c54d00361b43e05dfa834a5f1ae3d45f,0.16481101493263356,0.4171477,1,38.08,4,1767439281,0.0,0.0,0.0,0.0,0.0,0.9210291258480137,0.0,1.0275997369746264,0.0,3.199999999999999,0.02024291500002075,1.026699742014627,0.0404858300000415,4.454592462411874,4.463492452331872,,1,0.9971727016256966,-0.823360001567999,0.0,0.2785466665519215,6.27,45288.0,45288.0,0.03357457086556383,7.5899998333333345,-1303590.0,,0.5,4.0
0x6215472f5848eaaaca750c1e918c66e8c39729c0,0.1602551814843492,0.40932244,1,10.197215,3,1767472095,0.21707728950519173,0.21808943525519278,0.21707728950519173,0.21707728950519173,0.37095518429604135,-0.14169041747675673,0.21707728950519173,-0.33565860947635207,0.0,,0.21707728950519173,-0.3095586069949009,0.21707728950519173,0.27088824295692016,0.23288824295692012,,1,0.9971727016256966,-0.8434585650113251,0.21707728950519173,0.5061728545953488,8.999998,345336.0,345336.0,0.249937033723869,8.999998,-1036356.0,0.0,0.0,2.0
0xce1d11e46e65842f056dd2f2a20821542e78957b,0.15816644350132844,0.40567452,1,12.299998,2,1767501153,0.2793522542487346,0.28036439999873564,0.2793522542487346,0.2793522542487346,0.3964951368848073,-0.13479236714759518,0.2793522542487346,-0.24648408715603323,0.0,,0.2793522542487346,-0.19195252663928675,0.2793522542487346,0.4070538553194969,0.38465385531949686,,1,0.9971727016256966,-0.8612565797774666,0.2793522542487346,0.5042654207842961,5.6299980000000005,517174.0,517174.0,0.366595073542442,5.6299980000000005,-893576.0,,0.5,2.0
0x9f9bfd87070785c66363c26673b2d52efdfeddfa,0.14983093697102823,0.39071387,1,19.200469000000002,6,1766095019,0.48091293509277183,0.4819250808427727,0.48091293509277183,0.48091293509277183,1.1356797442395068,-0.28138468121230364,0.48091293509277183,-0.21963591813487177,0.0,,0.48091293509277183,-0.21963591813487177,0.48091293509277183,-0.8028179445333277,-0.8028179445333277,,1,0.9971727016256966,0.0,0.48091293509277183,1.0,4.999999,1456.0,1456.0,0.31542461005199307,4.999999,-3160.0,,0.0,1.0
0xc33d05041c15570829f6a28195dba8538df41b02,0.1485935244801309,0.38843507,1,2486.628152,16,1767549177,0.365122638068452,0.3661347838184531,0.365122638068452,0.365122638068452,1.0500201563697225,0.2251365112857393,0.365122638068452,-0.008577675691098822,0.0,,0.365122638068452,0.05317054932690464,0.365122638068452,0.7507786331497772,0.6752979198215213,,1,0.9971727016256966,-0.8906712628640239,0.365122638068452,0.057820404687369986,499.999998,26339714.0,26339714.0,18.05606214533574,1297.3731574800001,24880940.0,,0.5217391304347826,46.0
0xa003104410718156265ac9b81264272dfc8872d0,0.1431670910042311,0.37825248,1,8.481966,5,1767439789,0.23830683714272968,0.23880573121342252,0.23830683714272968,0.23830683714272968,0.596544374878618,1.3215532680915567,0.23830683714272968,1.1742829616935044,0.0,1.0707412469147086,0.25154141337512714,1.198489997611416,0.26477598960752463,4.428023489188023,4.434173479108021,,1,0.9971727016256966,-0.823671151389088,0.23830683714272968,0.10722578214456155,0.999999,418188.0,418188.0,0.3099098404755941,1.102582517241379,-931198.0,,0.29411764705882354,17.0
0x4b37e133604b75e570e4d0d2c253a1fa1148d5dc,0.14104459429418534,0.3741822,1,5468.905078000001,23,1767492073,-0.00020164698784274796,-0.00025205873480343494,-0.00020164698784274796,-0.00020164698784274796,-0.0011294250244747006,0.08224301848337168,-0.00020164698784274796,-0.014437944940918254,0.0,519.2288968433335,0.046575049809668145,0.019701493272620517,0.09335174660717903,0.8557655703145437,0.8172355699609006,,1,0.9971727016256966,-0.8556950829753273,-0.00020164698784274796,0.7785645334439966,500.0,5184890.0,5184890.0,3.699080382686367,943.4742615999997,3783220.0,,0.3333333333333333,3.0
0x91948819040bada6cb1e4e9bbb9b8cdbb06e2fb4,0.14072363300609467,0.37356225,1,19.205187,4,1767464245,-4.935073706794503e-06,0.00015164163385801002,-4.935073706794503e-06,-4.935073706794503e-06,0.010186010417009854,1.1138827608048998,-4.935073706794503e-06,1.0354486016020341,0.0,-0.26333953220740064,-0.002787714057611469,1.0495122350249912,-0.005570493041516144,3.6362444661751114,3.632057211971781,,1,0.9971727016256966,-0.8386504427759954,-4.935073706794503e-06,1.0,3.879999,532.0,532.0,0.0003872352133651468,3.879999,-1373310.0,0.0,0.0,1.0
0x794b0e105f9ddf6f00cf405fb40d75a56a8763a2,0.14035281113488102,0.37284452,1,16.041389,4,1767459543,-7.6246915830325215e-06,5.4862766861714284e-05,-7.6246915830325215e-06,-7.6246915830325215e-06,0.005895865515422629,0.7834670801995149,-7.6246915830325215e-06,0.6656158456970844,0.0,-0.6977395140841565,-0.011013748970909286,0.7004124915864647,-0.022019873250235536,2.7037792277870483,2.699591973583718,,1,0.9971727016256966,-0.8357704694319801,-7.6246915830325215e-06,0.5199999680000065,2.4999995,1160.0,1160.0,0.0008472471770600522,2.4999995,-1367980.0,,0.0,2.0
0xc79a9f4c2676c0e32f63b19e3cd99382e4cf79e7,0.13995053617972222,0.3720641,1,114.202166,6,1767590547,1.0791357298073578e-05,1.110302102189081e-05,1.0791357298073578e-05,1.0791357298073578e-05,0.001789635375457404,0.2053112646223808,1.0791357298073578e-05,-0.04433512381200005,0.0,10.128670089939764,0.03619864716185706,0.0006205190786732267,0.07238650296641605,0.47811315278410005,0.4171131527841,,1,0.9971727016256966,-0.9160103732940353,1.0791357298073578e-05,0.504132230202855,27.4999985,310.0,310.0,0.00020664682857112385,27.4999985,-1499834.0,,0.0,2.0
0x8f82bfb7a3fa66ffbd7cf82809ed7de9fea88f58,0.1362768632299291,0.36484885,1,905.3502719999999,17,1767556569,8.362851901653137e-07,8.472170227164938e-07,8.362851901653137e-07,8.362851901653137e-07,0.00036457317766809175,0.06746642214674725,8.362851901653137e-07,-0.019693592283600847,0.0,7.181481813333337,0.008783662581343813,0.013018028710742008,0.01756648887749746,0.5017537792354999,0.43626463982495056,,2,0.9971727016256966,-0.8951988602606553,8.362851901653137e-07,1.0,112.829998,14.0,14.0,9.548714129232297e-06,112.829998,-1466152.0,,0.0,1.0
0x3eae62bde2d83aba0fe84018921b2693ec645e6d,0.1344945928636973,0.36128926,1,2450.4059479999996,39,1767450911,0.016962477721403323,0.03492274824994801,0.014218547501764546,0.016962477721403323,0.15729856278325857,0.8526260442192023,0.016962477721403323,0.9757664509114138,0.0,23.03093876071429,0.04884239671337323,0.9857238802309662,0.0862101761446207,2.974070437109846,2.977470427029844,,1,0.9971727016256966,-0.8304833724720608,0.014218547501764546,0.0,0.0,98.0,98.0,7.203191748964357e-05,0.0,-1360410.0,,,0.0
0x6f0a3c1ef11dbec9dcd495b6a0a57d22f5f7eb4b,0.12728095906103856,0.34646097,1,9.433961,2,1767449579,0.6892713199086102,0.6902834656586113,0.6892713199086102,0.6892713199086102,0.9762082390163107,1.7455181453720279,0.6892713199086102,1.8204357875770014,0.0,,0.6892713199086102,1.837735797657003,0.6892713199086102,3.774377126992518,3.7777771169125165,,1,0.9971727016256966,-0.8296675229411743,0.6892713199086102,1.0,2.999999,,,,2.999999,,,0.0,1.0
0xd0fe2ea9982bf0c943223523b6784b2fea08ce41,0.12439218567396243,0.34032127,1,92.829198,8,1767464517,-1.904908589951518e-06,2.2572583021893567e-05,-1.904908589951518e-06,-1.904908589951518e-06,0.003787851004988227,0.7957777862264902,-1.904908589951518e-06,0.7835181287182681,0.0,-2.3890823043595426,-0.0067485947213473734,0.8069628485131248,-0.013495284534104797,2.785087303587475,2.7809000493841447,,1,0.9971727016256966,-0.8388170426802004,-1.904908589951518e-06,0.19297800007658925,99.999998,686858.0,686858.0,0.49985517941015084,176.4786959130435,-687256.0,,0.2727272727272727,11.0
0x699ec369fb83523ff7bf5b81c43b8f0cfa50d47d,0.12214930583899423,0.33546942,1,1.999996,2,1767425291,0.42408958585020423,0.42510173160020526,0.42408958585020423,0.42408958585020423,0.6011846342172975,-0.11565209655281354,0.42408958585020423,0.2867955259273465,0.0,,0.42408958585020423,0.2833955360073481,0.42408958585020423,0.893678240873052,0.9025782307930504,,1,0.9971727016256966,-0.8147911314950994,0.42408958585020423,0.2805497501576297,2.0,1664920.0,1664920.0,1.2472357231468107,6.486102565217391,330032.0,,0.02631578947368421,38.0
0xc898e0fc6005f0060212a90e062a48f91c8c1391,0.11751182163375795,0.32518896,1,54.374624,5,1767440379,2.863952518777332e-07,2.88850068322397e-05,2.863952518777332e-07,2.863952518777332e-07,0.004543181798500437,0.8972694387483033,2.863952518777332e-07,0.6803889499069636,0.0,0.21674773599999847,0.0008082247860995775,0.73327971812551,0.0016161631769472775,4.38069598562835,4.389595975548349,,1,0.9971727016256966,-0.8240325261812974,2.863952518777332e-07,0.3437500875000653,7.499999000000001,235002.0,235002.0,0.17407865028711622,9.999997,-1114974.0,,0.0,4.0
0x265ec1b2e88f644139fddb609c7428cdfeeb498e,0.11464011136309184,0.31864533,1,38.619996,4,1767442585,1.4309637851539597e-05,2.4814089069217052e-05,1.4309637851539597e-05,1.4309637851539597e-05,0.003410053684128444,0.10929819087540757,1.4309637851539597e-05,0.021080959014286797,0.0,4.971540963897915,0.033792891888848736,0.026531252637554324,0.06757147413984593,1.1234339625059726,1.132333952425971,,1,0.9971727016256966,-0.8253837004043723,1.4309637851539597e-05,0.5015043830729986,9.479999,39338.0,39338.0,0.029092237583402233,9.479999,-1312844.0,0.0,0.0,2.0
0x7b1985b621d1629d1dbccaa6c1736125b467575e,0.11366446854541205,0.3163897,1,1.999998,2,1767452623,0.6791499682264881,0.6801621139764891,0.6791499682264881,0.6791499682264881,0.9618944861979057,1.8769801713734584,0.6791499682264881,2.119210002247474,0.0,,0.6791499682264881,2.1391100123274756,0.6791499682264881,3.5478061576031963,3.5512061475231946,,1,0.9971727016256966,-0.8315319718691162,0.6791499682264881,0.3261261782376107,2.999999,5937228.0,5937228.0,4.358494222665942,5.484284785714286,4575008.0,,0.08333333333333333,12.0
0x022c64c0c56ef5789ef985dae34a4f9a7e934873,0.11298473608774519,0.31480822,1,205.920206,5,1767641581,4.313649458268077e-06,4.475209363072122e-06,4.313649458268077e-06,4.313649458268077e-06,0.0011201291291649948,0.18912896402077112,4.313649458268077e-06,-0.0354363834518211,0.0,18.41059793800001,0.03371254631313331,-0.0024358567019080006,0.06742077897680834,0.44406858360009754,0.37666858336892445,,1,0.9971727016256966,-0.9472686803205088,4.313649458268077e-06,0.29368308057336584,100.0,683676.0,683676.0,0.44074632311701173,166.59591885714283,-867502.0,,0.2,5.0
0xcc955da54f87df6b816107e9b7463196bb1bf5fe,0.11209916671861878,0.31273532,1,1.517448,2,1767482775,0.34412970974556584,0.34514185549556686,0.34412970974556584,0.34412970974556584,0.48810429298444563,-0.054422619038355054,0.34412970974556584,-0.1513631999682366,0.0,,0.34412970974556584,-0.1288631820140626,0.34412970974556584,0.6191520791605862,0.5776520911643394,,1,0.9971727016256966,-0.8500000612499647,0.34412970974556584,0.16666673611124422,0.999999,671434.0,671434.0,0.4822231415167786,1.499998625,-720938.0,,0.5,8.0
0x44ab73840184252a0b308065ca5e66f077d3c09d,0.10813138107778311,0.30326805,1,48.669998,5,1767468709,1.5760192389643392e-05,4.822148268501661e-05,1.5760192389643392e-05,1.5760192389643392e-05,0.005478723321850358,0.7006262751417107,1.5760192389643392e-05,0.6442027051456762,0.0,3.519980159975212,0.025736233054245352,0.657703750963767,0.05145670591610106,2.5403614303749147,2.5357614303749147,,1,0.9971727016256966,-0.8413846412038313,1.5760192389643392e-05,0.19671053356892249,2.694365,493912.0,493912.0,0.35834713046304667,4.596170125,-884394.0,,0.1111111111111111,9.0
0x064b44d85a52762f080fd59a8a909e30fd7febfb,0.10510610299740579,0.29584235,1,3.4093999999999998,4,1767423553,0.00014231908035152835,0.0011580866342330264,0.00014231908035152835,0.00014231908035152835,0.02205545902862521,-0.018596305460063665,0.00014231908035152835,0.1620783249025119,0.0,0.08669999999999997,0.006576958351564203,0.15987226037502805,0.013011597622776877,0.8698658683442531,0.879765866238253,,1,0.9971727016256966,-0.8137266071072009,0.00014231908035152835,0.7574553298393751,3.5129995,257850.0,257850.0,0.1934140944379852,14.506497250000002,-1075300.0,0.0,0.0,3.0
0x4dba83a722022d373b7fafd5110b07c380ad172f,0.10462925539613009,0.29465476,1,180.969518,10,1767458913,1.4059112478865667e-06,1.4244371634772754e-06,1.4059112478865667e-06,1.4059112478865667e-06,0.0009988407176928916,1.0130327800838548,1.4059112478865667e-06,0.9293489019153645,0.0,41.0538704639877,0.08188776883985374,0.9692524020709403,0.1637741317684596,3.3245091570935434,3.3260123359827096,,1,0.9971727016256966,-0.8353845946538581,1.4059112478865667e-06,0.4481855867920664,40.43222,1029406.0,1029406.0,0.7522093371623152,31.942316333333338,-339104.0,,0.25,4.0
0xba369f3f6b7d51265ecea16feb280a57a45d091e,0.10460746260247833,0.29460037,1,155.70680000000002,39,1767525771,1.1259787161077853e-05,1.1401123298868455e-05,1.1259787161077853e-05,1.1259787161077853e-05,0.0016711028812239574,0.06563987409385157,1.1259787161077853e-05,0.07372127647207932,0.0,12.356544642080914,0.0431600013876366,0.10931343730093578,0.0863200027752732,0.6765398489410621,0.5952454008085168,,2,0.9971727016256966,-0.8763350961073197,1.1259787161077853e-05,0.4687118536722669,2.059872,60992.0,60992.0,0.042492238924094726,2.878268382352941,-1374376.0,,0.16666666666666666,6.0
