tag,label,algo,nf,kind,pair_score,pair_raw,default_threshold,default_flag,tuned_threshold,tuned_flag,test_precision,test_recall,n_test,n_test_insiders,reached_target
xgb_insider_20feat_v2_mstr,xgb 20feat v2 (mstr),xgb,20,prob,0.815971942980902,0.9146523475646973,0.15,True,0.5570328844027443,True,0.3157894736842105,1.0,42.0,6.0,True
rf_insider_meta_v5,rf 10b+10m v5 (tuned),rf,20,prob,0.7745765071914628,0.7745765071914628,0.5,True,0.5532708599165056,True,0.7291666666666666,1.0,245.0,35.0,True
retrained_rf_insider_25ir,retrained_rf_insider_25ir,rf,20,prob,0.7065054546036715,0.7065054546036715,0.5,True,0.6299768381222415,True,0.8048780487804879,0.9705882352941176,235.0,34.0,True
xgb_insider_20feat_v2_stable,xgb 20feat v2 (stable),xgb,20,prob,0.6159576775624765,0.7341665029525757,0.15,True,0.037590307434858555,True,0.2857142857142857,1.0,20.0,4.0,True
rf_insider_0ir,rf 0ir-hidden (20f),rf,20,prob,0.5617063492063492,0.5617063492063492,0.5,True,0.10619841269841271,True,0.3191489361702128,1.0,105.0,15.0,True
rf_insider_25ir,rf 25ir-hidden (20f),rf,20,prob,0.5604613365936896,0.5604613365936896,0.5,True,0.3456836178384165,True,0.673469387755102,0.9705882352941176,235.0,34.0,True
xgb_insider_meta_v7,xgb 20b+10m v7,xgb,30,prob,0.5079980463088716,0.8053203225135803,0.15,True,0.11781555554792594,True,0.7727272727272727,0.9714285714285714,245.0,35.0,True
rf_insider_meta_v4,rf 10b+17m v4 (axiom),rf,27,prob,0.49333333333333335,0.49333333333333335,0.5,False,0.25333333333333335,True,0.4375,1.0,49.0,7.0,True
xgb_insider_meta10_v6,xgb meta-only v6,xgb,10,prob,0.48455202787221335,0.8849070072174072,0.15,True,0.07371700674670265,True,0.5483870967741935,0.9714285714285714,245.0,35.0,True
retrained_rf_insider_0ir,retrained_rf_insider_0ir,rf,20,prob,0.46956654792347174,0.46956654792347174,0.5,False,0.12686061022701514,True,0.3409090909090909,1.0,105.0,15.0,True
xgb_insider_30feat_v2,xgb 30feat v2,xgb,30,prob,0.46873605000500046,0.7827506065368652,0.5,False,0.24539893559299636,True,0.875,1.0,245.0,35.0,True
xgb_insider_20feat_v2_axiom,xgb 20feat v2 (axiom),xgb,20,prob,0.4227051258949467,0.5950608849525452,0.15,True,0.10254612152144237,True,0.3684210526315789,1.0,49.0,7.0,True
xgb_insider_20feat_v2,xgb 20feat v2,xgb,20,prob,0.41911346492297835,0.6892401576042175,0.15,True,0.14899093724267234,True,0.9459459459459459,1.0,245.0,35.0,True
retrained_xgb_insider_meta_v7,retrained_xgb_insider_meta_v7,xgb,30,prob,0.3848034399591565,0.6892076730728149,0.15,True,0.26391361326968754,True,0.7555555555555555,0.9714285714285714,245.0,35.0,True
xgb_insider_0ir,xgb 0ir-hidden (30f),xgb,30,prob,0.3748788424533963,0.6745502948760986,0.15,True,0.05176425245510126,True,0.26785714285714285,1.0,105.0,15.0,True
retrained_rf_insider_meta_v4,retrained_rf_insider_meta_v4,rf,27,prob,0.37333333333333335,0.37333333333333335,0.5,False,0.20333333333333334,True,0.35,1.0,49.0,7.0,True
retrained_xgb_insider_0ir,retrained_xgb_insider_0ir,xgb,30,prob,0.3101104989930626,0.6106691956520081,0.15,True,0.057062343437807715,True,0.3333333333333333,1.0,105.0,15.0,True
cb_insider_30feat_v2,cb 30feat v2,cb,30,prob,0.3001239622279156,0.5888023614073078,0.3,True,0.28333321169437814,True,0.875,1.0,245.0,35.0,True
retrained_xgb_insider_meta10_v6,retrained_xgb_insider_meta10_v6,xgb,10,prob,0.1954562942127465,0.45912206172943115,0.15,True,0.060269289036559266,True,0.5230769230769231,0.9714285714285714,245.0,35.0,True
lgbm_insider_30feat,lgbm 30feat,lgbm,30,prob,0.9939778419289885,0.9939778419289885,0.5,True,,,,,,,
xgb_insider_50feat,xgb 50feat,xgb,50,prob,0.9761345982551575,0.9761345982551575,0.5,True,,,,,,,
lr_insider_30feat,logreg 30feat,lr,30,prob,0.8743231935437816,0.8743231935437816,0.5,True,,,,,,,
retrained_rf_insider_meta_v5,retrained_rf_insider_meta_v5,rf,20,prob,0.733166340643289,0.733166340643289,0.5,True,0.8050314901084861,False,0.7906976744186046,0.9714285714285714,245.0,35.0,True
xgb_insider_25ir,xgb 25ir-hidden (30f),xgb,30,prob,0.43288918752718064,0.7334083318710327,0.15,True,0.5190074686554444,False,0.8461538461538461,0.9705882352941176,235.0,34.0,True
rf_insider_meta_v3,rf 10b+17m v3,rf,27,prob,0.42333333333333334,0.42333333333333334,0.5,False,0.5066666666666667,False,0.7777777777777778,1.0,245.0,35.0,True
rf_insider_10feat_v2,rf 10feat v2,rf,10,prob,0.38,0.38,0.5,False,0.6866666666666666,False,0.8947368421052632,0.9714285714285714,245.0,35.0,True
xgb_insider_14feat,xgb 14feat,xgb,14,prob,0.36152586340904236,0.36152586340904236,0.5,False,,,,,,,
xgb_insider_meta_v5,xgb 10b+17m v5,xgb,27,prob,0.35928919894303407,0.6607251763343811,0.15,True,0.4641391656444557,False,0.7555555555555555,0.9714285714285714,245.0,35.0,True
retrained_rf_insider_meta_v3,retrained_rf_insider_meta_v3,rf,27,prob,0.2966666666666667,0.2966666666666667,0.5,False,0.6233333333333333,False,0.918918918918919,0.9714285714285714,245.0,35.0,True
xgb_insider_10feat_v2,xgb 10feat v2,xgb,10,prob,0.2949253515676776,0.518567681312561,0.5,False,0.6433743964361582,False,0.9459459459459459,1.0,245.0,35.0,True
cb_insider_10feat_v2_d2,cb 10feat v2 (d2),cb,10,prob,0.23862151241758292,0.479221070016068,0.3,False,0.3556999036200825,False,0.9459459459459459,1.0,245.0,35.0,True
cb_insider_10feat_v2,cb 10feat v2,cb,10,prob,0.23821179751413332,0.5227189297759444,0.3,False,0.30894741323234476,False,0.9210526315789473,1.0,245.0,35.0,True
retrained_xgb_insider_25ir,retrained_xgb_insider_25ir,xgb,30,prob,0.23785625064640167,0.5694752335548401,0.15,True,0.42393381555246984,False,0.825,0.9705882352941176,235.0,34.0,True
retrained_xgb_insider_meta_v5,retrained_xgb_insider_meta_v5,xgb,27,prob,0.17115797036910452,0.4225602149963379,0.15,True,0.3535444096407323,False,0.8333333333333334,1.0,245.0,35.0,True
iso_insider_30feat,isoforest 30feat,iso,30,neg_anomaly,-0.0025432502198925455,0.0025432502198925455,,False,,,,,,,
