tag,label,algo,n_features,calibrated,score_kind,score,raw,prob,threshold,flagged,explain_method,top_features
retrained_rf_insider_meta_v5,retrained_rf_insider_meta_v5,rf,20,False,prob,0.8340082005792437,0.8340082005792437,0.8340082005792437,0.5,True,shap (TreeExplainer),herfindahl_index_markets(+0.052); unrealized_edge_per_open_token_sqrt(+0.045); time_since_first_deposit_to_first_trade_seconds(+0.041); wallet_to_market_age_ratio(+0.041); wallet_age_seconds(+0.038); median_bet_size_usdc(-0.031)
retrained_rf_insider_25ir,retrained_rf_insider_25ir,rf,20,False,prob,0.7946031584199271,0.7946031584199271,0.7946031584199271,0.5,True,shap (TreeExplainer),herfindahl_index_markets(+0.126); buy_markout_adj_grosswt_h0p030_lb0p200(-0.099); unrealized_edge_per_open_token_sqrt(+0.046); time_since_first_deposit_to_first_trade_seconds(+0.033); wallet_age_seconds(+0.033); median_bet_size_usdc(-0.031)
xgb_insider_meta_v5,xgb 10b+17m v5,xgb,27,True,prob,0.6811897241026557,0.9484948515892029,0.6811897241026557,0.15,True,shap (TreeExplainer),buy_markout_adj_grosswt_h0p030_lb0p200(-0.627); unrealized_edge_per_open_token_sqrt(+0.581); avg_bet_size_usdc(+0.474); herfindahl_index_markets(+0.377); median_bet_size_usdc(-0.349); wallet_age_seconds(+0.339)
rf_insider_meta_v5,rf 10b+10m v5 (tuned),rf,20,False,prob,0.6762404112348401,0.6762404112348401,0.6762404112348401,0.5,True,shap (TreeExplainer),unrealized_edge_per_open_token_sqrt(+0.099); herfindahl_index_markets(+0.075); wallet_to_market_age_ratio(+0.075); median_bet_size_usdc(-0.067); wallet_age_seconds(+0.039); time_since_first_deposit_to_first_trade_seconds(+0.030)
retrained_xgb_insider_meta_v5,retrained_xgb_insider_meta_v5,xgb,27,True,prob,0.6227829483957273,0.8647807836532593,0.6227829483957273,0.15,True,shap (TreeExplainer),unrealized_edge_per_open_token_sqrt(+0.610); median_bet_size_usdc(-0.552); herfindahl_index_markets(+0.399); buy_markout_adj_grosswt_h0p030_lb0p200(-0.399); wallet_age_seconds(+0.333); total_bet_size_usdc(+0.324)
rf_insider_meta_v4,rf 10b+17m v4 (axiom),rf,27,False,prob,0.6,0.6,0.6,0.5,True,shap (TreeExplainer),herfindahl_index_markets(+0.092); median_bet_size_usdc(-0.071); time_since_first_deposit_to_first_trade_seconds(+0.047); wallet_age_seconds(+0.041); buy_markout_adj_grosswt_h0p030_lb0p200(-0.037); winrate(+0.033)
xgb_insider_0ir,xgb 0ir-hidden (30f),xgb,30,True,prob,0.5804658997385618,0.904041588306427,0.5804658997385618,0.15,True,shap (TreeExplainer),median_bet_size_usdc(-1.425); herfindahl_index_markets(+0.717); unrealized_edge_per_open_token_sqrt(+0.639); winrate(-0.620); realized_pnl_per_closing_trade(+0.601); buy_markout_adj_grosswt_h0p070_lb0p150(-0.488)
rf_insider_meta_v3,rf 10b+17m v3,rf,27,False,prob,0.5666666666666667,0.5666666666666667,0.5666666666666667,0.5,True,shap (TreeExplainer),unrealized_edge_per_open_token_sqrt(+0.067); median_bet_size_usdc(-0.060); herfindahl_index_markets(+0.057); avg_bet_size_usdc(+0.052); buy_markout_adj_grosswt_h0p030_lb0p200(-0.032); wallet_age_seconds(+0.032)
retrained_xgb_insider_0ir,retrained_xgb_insider_0ir,xgb,30,True,prob,0.5533425386757094,0.8736096024513245,0.5533425386757094,0.15,True,shap (TreeExplainer),median_bet_size_usdc(-1.531); herfindahl_index_markets(+0.873); realized_pnl_per_closing_trade(+0.761); winrate(-0.647); time_since_first_deposit_to_first_trade_seconds(+0.566); unrealized_edge_per_open_token_sqrt(+0.411)
retrained_rf_insider_meta_v3,retrained_rf_insider_meta_v3,rf,27,False,prob,0.5533333333333333,0.5533333333333333,0.5533333333333333,0.5,True,shap (TreeExplainer),unrealized_edge_per_open_token_sqrt(+0.076); herfindahl_index_markets(+0.061); buy_markout_adj_grosswt_h0p030_lb0p200(-0.045); lifetime_volume_share_on_market(+0.036); median_bet_size_usdc(-0.036); wallet_to_market_age_ratio(+0.033)
rf_insider_25ir,rf 25ir-hidden (20f),rf,20,False,prob,0.5523823163420684,0.5523823163420684,0.5523823163420684,0.5,True,shap (TreeExplainer),wallet_to_market_age_ratio(+0.100); herfindahl_index_markets(+0.062); time_since_first_deposit_to_first_trade_seconds(+0.060); wallet_age_seconds(+0.054); median_bet_size_usdc(-0.052); unrealized_edge_per_open_token_sqrt(+0.045)
retrained_rf_insider_meta_v4,retrained_rf_insider_meta_v4,rf,27,False,prob,0.5366666666666666,0.5366666666666666,0.5366666666666666,0.5,True,shap (TreeExplainer),median_bet_size_usdc(-0.105); herfindahl_index_markets(+0.081); lifetime_volume_share_on_market(+0.063); buy_markout_adj_grosswt_h0p030_lb0p200(-0.059); time_since_first_deposit_to_first_trade_seconds(+0.043); total_bet_size_usdc(+0.032)
retrained_xgb_insider_meta10_v6,retrained_xgb_insider_meta10_v6,xgb,10,True,prob,0.520234708722805,0.9107140302658081,0.520234708722805,0.15,True,shap (TreeExplainer),herfindahl_index_markets(+0.700); wallet_to_market_age_ratio(+0.583); median_bet_size_usdc(-0.575); n_markets_traded(+0.168); winrate(-0.147); time_since_first_deposit_to_first_trade_seconds(+0.128)
xgb_insider_meta10_v6,xgb meta-only v6,xgb,10,True,prob,0.49632143743842755,0.897590696811676,0.49632143743842755,0.15,True,shap (TreeExplainer),herfindahl_index_markets(+0.872); avg_bet_size_usdc(+0.499); wallet_minus_market_age_seconds(+0.449); n_markets_traded(+0.236); time_since_first_deposit_to_first_trade_seconds(+0.089); wallet_to_market_age_ratio(-0.065)
xgb_insider_25ir,xgb 25ir-hidden (30f),xgb,30,True,prob,0.49060839349342106,0.787763774394989,0.49060839349342106,0.15,True,shap (TreeExplainer),median_bet_size_usdc(-0.480); buy_markout_adj_grosswt_h0p030_lb0p200(-0.479); time_to_major_move_pct_of_market(-0.418); wallet_minus_market_age_seconds(+0.410); time_since_first_deposit_to_first_trade_seconds(+0.406); buy_markout_adj_grosswt_h0p030_lb0p010(-0.357)
retrained_xgb_insider_25ir,retrained_xgb_insider_25ir,xgb,30,True,prob,0.4656966689180087,0.8076837062835693,0.4656966689180087,0.15,True,shap (TreeExplainer),median_bet_size_usdc(-0.675); herfindahl_index_markets(+0.438); wallet_minus_market_age_seconds(+0.426); unrealized_edge_per_open_token_sqrt(+0.348); time_since_first_deposit_to_first_trade_seconds(+0.334); buy_markout_adj_grosswt_h0p030_lb0p010(-0.328)
retrained_xgb_insider_meta_v7,retrained_xgb_insider_meta_v7,xgb,30,True,prob,0.3396133300875218,0.6486141085624695,0.3396133300875218,0.15,True,shap (TreeExplainer),time_to_major_move_pct_of_market(-0.612); unrealized_edge_per_open_token_sqrt(+0.573); median_bet_size_usdc(-0.459); herfindahl_index_markets(+0.451); avg_bet_size_usdc(+0.271); time_since_first_deposit_to_first_trade_seconds(+0.251)
xgb_insider_meta_v7,xgb 20b+10m v7,xgb,30,True,prob,0.18606425522621595,0.48209071159362793,0.18606425522621595,0.15,True,shap (TreeExplainer),time_to_major_move_pct_of_market(-1.320); major_move_time_remaining_pct(-0.751); unrealized_edge_per_open_token_sqrt(+0.691); buy_markout_adj_grosswt_h0p030_lb0p200(-0.548); median_bet_size_usdc(-0.432); avg_bet_size_usdc(+0.403)
iso_insider_30feat,isoforest 30feat,iso,30,False,anomaly_score,-0.039737566515986755,-0.039737566515986755,,anomaly<0,True,shap (TreeExplainer),realized_pnl_per_closing_trade(-0.623); n_low_buy_building_trades(-0.616); buy_markout_adj_mean_h0p200_lb0p030(-0.557); buy_markout_adj_mean_h0p200_lb0p200(-0.520); realized_edge_grosswt(-0.507); realized_pnl_total(-0.292)
rf_insider_0ir,rf 0ir-hidden (20f),rf,20,False,prob,0.49411111111111106,0.49411111111111106,0.49411111111111106,0.5,False,shap (TreeExplainer),herfindahl_index_markets(+0.089); median_bet_size_usdc(-0.081); wallet_age_seconds(+0.057); wallet_to_market_age_ratio(+0.046); avg_bet_size_usdc(+0.040); time_since_first_deposit_to_first_trade_seconds(+0.037)
xgb_insider_14feat,xgb 14feat,xgb,14,False,prob,0.4534127712249756,0.4534127712249756,0.4534127712249756,0.5,False,shap (TreeExplainer),adaptive_markout_raw_grosswt_h0p030(-0.583); unrealized_edge_per_open_token(-0.433); adaptive_plus_realized_alpha0p5_h0p070(+0.403); adaptive_minus_realized_alpha1p0_h0p030(+0.333); low_buy_high_sell_pctl(-0.319); adaptive_markout_latespike_adj_grosswt_h0p070(+0.304)
retrained_rf_insider_0ir,retrained_rf_insider_0ir,rf,20,False,prob,0.4409323685672256,0.4409323685672256,0.4409323685672256,0.5,False,shap (TreeExplainer),median_bet_size_usdc(-0.247); buy_markout_adj_grosswt_h0p030_lb0p200(-0.071); herfindahl_index_markets(+0.069); wallet_age_seconds(+0.032); time_since_first_deposit_to_first_trade_seconds(+0.022); wallet_to_market_age_ratio(+0.020)
xgb_insider_10feat_v2,xgb 10feat v2,xgb,10,True,prob,0.4206821323991282,0.6470693349838257,0.4206821323991282,0.5,False,shap (TreeExplainer),unrealized_edge_per_open_token_sqrt(+0.782); realized_pnl_per_closing_trade(+0.645); buy_markout_adj_grosswt_h0p030_lb0p200(-0.367); adaptive_markout_raw_grosswt_h0p070(+0.250); buy_markout_adj_grosswt_h0p070_lb0p150(+0.196); unrealized_edge_per_open_token(+0.134)
lr_insider_30feat,logreg 30feat,lr,30,False,prob,0.265512781890945,0.265512781890945,0.265512781890945,0.5,False,"linear (coef*x, log-odds)",major_move_time_remaining_pct(-0.515); realized_pnl_per_closing_trade(+0.495); realized_pnl_total(+0.195); time_to_major_move_pct_of_market(-0.168); adaptive_plus_realized_alpha0p5_h0p070(+0.112); unrealized_edge_per_open_token_sqrt(+0.104)
rf_insider_10feat_v2,rf 10feat v2,rf,10,False,prob,0.25666666666666665,0.25666666666666665,0.25666666666666665,0.5,False,shap (TreeExplainer),unrealized_edge_per_open_token_sqrt(+0.063); realized_pnl_per_closing_trade(+0.039); adaptive_markout_raw_grosswt_h0p070(-0.027); adaptive_markout_raw_grosswt_h0p200(-0.021); adaptive_markout_raw_grosswt_h0p010(-0.019); unrealized_edge_per_open_token(-0.018)
cb_insider_10feat_v2_d2,cb 10feat v2 (d2),cb,10,True,prob,0.1992326773114023,0.363142587173764,0.1992326773114023,0.3,False,shap (TreeExplainer),buy_markout_adj_grosswt_h0p030_lb0p200(-0.261); realized_pnl_per_closing_trade(+0.251); adaptive_markout_raw_grosswt_h0p150(+0.243); unrealized_edge_per_open_token_sqrt(+0.190); adaptive_markout_raw_grosswt_h0p010(+0.159); adaptive_markout_raw_grosswt_h0p070(+0.129)
cb_insider_10feat_v2,cb 10feat v2,cb,10,True,prob,0.17760644495740924,0.3192713969262318,0.17760644495740924,0.3,False,shap (TreeExplainer),buy_markout_adj_grosswt_h0p030_lb0p200(-0.322); unrealized_edge_per_open_token_sqrt(+0.277); adaptive_markout_raw_grosswt_h0p200(+0.202); buy_markout_adj_grosswt_h0p070_lb0p150(+0.142); adaptive_markout_raw_grosswt_h0p010(+0.106); adaptive_markout_raw_grosswt_h0p150(+0.055)
xgb_insider_30feat_v2,xgb 30feat v2,xgb,30,True,prob,0.14017802547227823,0.4076017141342163,0.14017802547227823,0.5,False,shap (TreeExplainer),time_to_major_move_pct_of_market(-0.919); unrealized_edge_per_open_token_sqrt(+0.232); realized_pnl_total(+0.181); buy_markout_adj_grosswt_h0p030_lb0p010(-0.136); buy_markout_adj_grosswt_h0p030_lb0p200(-0.133); adaptive_plus_realized_alpha0p25_h0p030(+0.098)
cb_insider_30feat_v2,cb 30feat v2,cb,30,True,prob,0.13933434710076859,0.13582212996951706,0.13933434710076859,0.3,False,shap (TreeExplainer),time_to_major_move_pct_of_market(-0.760); buy_markout_adj_grosswt_h0p030_lb0p200(-0.179); adaptive_markout_raw_grosswt_h0p150(+0.178); active_day_frac(-0.173); buy_markout_adj_grosswt_h0p030_lb0p010(-0.162); unrealized_edge_per_open_token_sqrt(+0.152)
xgb_insider_20feat_v2,xgb 20feat v2,xgb,20,True,prob,0.12392767116238793,0.3364081382751465,0.12392767116238793,0.15,False,shap (TreeExplainer),time_to_major_move_pct_of_market(-1.047); unrealized_edge_per_open_token_sqrt(+0.304); adaptive_plus_realized_alpha0p25_h0p030(+0.196); realized_pnl_per_closing_trade(+0.192); buy_markout_adj_grosswt_h0p070_lb0p150(+0.176); adaptive_markout_raw_grosswt_h0p070(+0.127)
xgb_insider_20feat_v2_axiom,xgb 20feat v2 (axiom),xgb,20,True,prob,0.054275951734829235,0.011931633576750755,0.054275951734829235,0.15,False,shap (TreeExplainer),time_to_major_move_pct_of_market(-2.736); major_move_time_remaining_pct(-0.806); buy_markout_adj_grosswt_h0p030_lb0p010(-0.525); buy_markout_adj_grosswt_h0p030_lb0p200(-0.486); buy_markout_adj_grosswt_h0p070_lb0p150(-0.481); adaptive_plus_realized_alpha0p5_h0p070(+0.289)
xgb_insider_20feat_v2_mstr,xgb 20feat v2 (mstr),xgb,20,True,prob,0.03562285995256894,0.04750879481434822,0.03562285995256894,0.15,False,shap (TreeExplainer),time_to_major_move_pct_of_market(-2.082); major_move_time_remaining_pct(-0.729); buy_markout_adj_grosswt_h0p030_lb0p010(-0.384); buy_markout_adj_grosswt_h0p030_lb0p200(-0.375); unrealized_edge_per_open_token_sqrt(+0.267); buy_markout_adj_grosswt_h0p070_lb0p150(-0.164)
xgb_insider_20feat_v2_stable,xgb 20feat v2 (stable),xgb,20,True,prob,0.02782347106900633,0.04278605058789253,0.02782347106900633,0.15,False,shap (TreeExplainer),time_to_major_move_pct_of_market(-1.843); major_move_time_remaining_pct(-0.778); buy_markout_adj_grosswt_h0p030_lb0p200(-0.564); adaptive_plus_realized_alpha0p5_h0p070(+0.310); unrealized_edge_per_open_token_sqrt(+0.294); realized_pnl_per_closing_trade(+0.245)
xgb_insider_50feat,xgb 50feat,xgb,50,False,prob,0.013134781271219254,0.013134781271219254,0.013134781271219254,0.5,False,shap (TreeExplainer),time_to_major_move_pct_of_market(-4.200); major_move_time_remaining_pct(-0.685); n_low_buy_building_trades(+0.489); low_buy_building_cash_frac(+0.482); buy_markout_adj_grosswt_h0p070_lb0p150(-0.410); buy_markout_adj_grosswt_h0p030_lb0p010(-0.320)
lgbm_insider_30feat,lgbm 30feat,lgbm,30,False,prob,0.012663111256675672,0.012663111256675672,0.012663111256675672,0.5,False,shap (TreeExplainer),time_to_major_move_pct_of_market(-2.540); n_low_buy_building_trades(+1.426); unrealized_edge_per_open_token_sqrt(+0.784); realized_pnl_total(+0.502); adaptive_plus_realized_alpha0p25_h0p030(+0.408); major_move_time_remaining_pct(-0.385)
