tag,label,rank,feature,value,contribution,explain_method
retrained_rf_insider_meta_v5,retrained_rf_insider_meta_v5,1,herfindahl_index_markets,1.0,0.05245407796353665,shap (TreeExplainer)
retrained_rf_insider_meta_v5,retrained_rf_insider_meta_v5,2,unrealized_edge_per_open_token_sqrt,1.3126286617580254,0.04537932214247953,shap (TreeExplainer)
retrained_rf_insider_meta_v5,retrained_rf_insider_meta_v5,3,time_since_first_deposit_to_first_trade_seconds,88.0,0.04054402147130893,shap (TreeExplainer)
retrained_rf_insider_meta_v5,retrained_rf_insider_meta_v5,4,wallet_to_market_age_ratio,2.08865832421721e-05,0.04053827151664583,shap (TreeExplainer)
retrained_rf_insider_meta_v5,retrained_rf_insider_meta_v5,5,wallet_age_seconds,88.0,0.03782599491560506,shap (TreeExplainer)
retrained_rf_insider_meta_v5,retrained_rf_insider_meta_v5,6,median_bet_size_usdc,24.112,-0.03051431685722383,shap (TreeExplainer)
retrained_rf_insider_meta_v5,retrained_rf_insider_meta_v5,7,adaptive_markout_raw_grosswt_h0p010,0.15939508623053217,0.025551079030941705,shap (TreeExplainer)
retrained_rf_insider_meta_v5,retrained_rf_insider_meta_v5,8,wallet_minus_market_age_seconds,-4213143.0,0.02236064111874373,shap (TreeExplainer)
retrained_rf_insider_meta_v5,retrained_rf_insider_meta_v5,9,unrealized_edge_per_open_token,0.1595924515412346,0.022233456173140414,shap (TreeExplainer)
retrained_rf_insider_meta_v5,retrained_rf_insider_meta_v5,10,buy_markout_adj_grosswt_h0p030_lb0p200,-0.08373586007681719,-0.020382024668030622,shap (TreeExplainer)
retrained_rf_insider_meta_v5,retrained_rf_insider_meta_v5,11,adaptive_markout_raw_grosswt_h0p150,0.15934613610972365,0.018649981133222686,shap (TreeExplainer)
retrained_rf_insider_meta_v5,retrained_rf_insider_meta_v5,12,adaptive_markout_raw_grosswt_h0p200,0.15932166104931939,0.015659775209330925,shap (TreeExplainer)
retrained_rf_insider_25ir,retrained_rf_insider_25ir,1,herfindahl_index_markets,1.0,0.1260905275091864,shap (TreeExplainer)
retrained_rf_insider_25ir,retrained_rf_insider_25ir,2,buy_markout_adj_grosswt_h0p030_lb0p200,-0.08373586007681719,-0.09909775276032205,shap (TreeExplainer)
retrained_rf_insider_25ir,retrained_rf_insider_25ir,3,unrealized_edge_per_open_token_sqrt,1.3126286617580254,0.045666876431945405,shap (TreeExplainer)
retrained_rf_insider_25ir,retrained_rf_insider_25ir,4,time_since_first_deposit_to_first_trade_seconds,88.0,0.032955990380120856,shap (TreeExplainer)
retrained_rf_insider_25ir,retrained_rf_insider_25ir,5,wallet_age_seconds,88.0,0.03261263250226495,shap (TreeExplainer)
retrained_rf_insider_25ir,retrained_rf_insider_25ir,6,median_bet_size_usdc,24.112,-0.03083777531717193,shap (TreeExplainer)
retrained_rf_insider_25ir,retrained_rf_insider_25ir,7,n_markets_traded,1.0,0.017326313675068036,shap (TreeExplainer)
retrained_rf_insider_25ir,retrained_rf_insider_25ir,8,wallet_minus_market_age_seconds,-4213143.0,0.016140118156038497,shap (TreeExplainer)
retrained_rf_insider_25ir,retrained_rf_insider_25ir,9,wallet_to_market_age_ratio,2.08865832421721e-05,0.015587201406517596,shap (TreeExplainer)
retrained_rf_insider_25ir,retrained_rf_insider_25ir,10,unrealized_edge_per_open_token,0.1595924515412346,0.014306061365211963,shap (TreeExplainer)
retrained_rf_insider_25ir,retrained_rf_insider_25ir,11,avg_bet_size_usdc,830.803678745098,0.007693335021258822,shap (TreeExplainer)
retrained_rf_insider_25ir,retrained_rf_insider_25ir,12,adaptive_markout_raw_grosswt_h0p150,0.15934613610972365,0.005876658219041251,shap (TreeExplainer)
xgb_insider_meta_v5,xgb 10b+17m v5,1,buy_markout_adj_grosswt_h0p030_lb0p200,-0.08373586007681719,-0.6269738078117371,shap (TreeExplainer)
xgb_insider_meta_v5,xgb 10b+17m v5,2,unrealized_edge_per_open_token_sqrt,1.3126286617580254,0.581016480922699,shap (TreeExplainer)
xgb_insider_meta_v5,xgb 10b+17m v5,3,avg_bet_size_usdc,830.803678745098,0.47441366314888,shap (TreeExplainer)
xgb_insider_meta_v5,xgb 10b+17m v5,4,herfindahl_index_markets,1.0,0.3766258656978607,shap (TreeExplainer)
xgb_insider_meta_v5,xgb 10b+17m v5,5,median_bet_size_usdc,24.112,-0.34924429655075073,shap (TreeExplainer)
xgb_insider_meta_v5,xgb 10b+17m v5,6,wallet_age_seconds,88.0,0.3390377461910248,shap (TreeExplainer)
xgb_insider_meta_v5,xgb 10b+17m v5,7,realized_pnl_per_closing_trade,5185.628806436251,0.3333371877670288,shap (TreeExplainer)
xgb_insider_meta_v5,xgb 10b+17m v5,8,total_bet_size_usdc,42370.987616,0.3168041408061981,shap (TreeExplainer)
xgb_insider_meta_v5,xgb 10b+17m v5,9,wallet_to_market_age_ratio,2.08865832421721e-05,0.2570430338382721,shap (TreeExplainer)
xgb_insider_meta_v5,xgb 10b+17m v5,10,adaptive_markout_raw_grosswt_h0p070,0.15939508623053217,0.21576784551143646,shap (TreeExplainer)
xgb_insider_meta_v5,xgb 10b+17m v5,11,time_since_first_deposit_to_first_trade_seconds,88.0,0.14530305564403534,shap (TreeExplainer)
xgb_insider_meta_v5,xgb 10b+17m v5,12,unrealized_edge_per_open_token,0.1595924515412346,0.12232606112957001,shap (TreeExplainer)
rf_insider_meta_v5,rf 10b+10m v5 (tuned),1,unrealized_edge_per_open_token_sqrt,1.3126286617580254,0.09851988768079101,shap (TreeExplainer)
rf_insider_meta_v5,rf 10b+10m v5 (tuned),2,herfindahl_index_markets,1.0,0.07531957965873287,shap (TreeExplainer)
rf_insider_meta_v5,rf 10b+10m v5 (tuned),3,wallet_to_market_age_ratio,2.08865832421721e-05,0.07454425607061063,shap (TreeExplainer)
rf_insider_meta_v5,rf 10b+10m v5 (tuned),4,median_bet_size_usdc,24.112,-0.06688339000989431,shap (TreeExplainer)
rf_insider_meta_v5,rf 10b+10m v5 (tuned),5,wallet_age_seconds,88.0,0.038556553419386075,shap (TreeExplainer)
rf_insider_meta_v5,rf 10b+10m v5 (tuned),6,time_since_first_deposit_to_first_trade_seconds,88.0,0.030168783772080942,shap (TreeExplainer)
rf_insider_meta_v5,rf 10b+10m v5 (tuned),7,buy_markout_adj_grosswt_h0p030_lb0p200,-0.08373586007681719,-0.024814711807710457,shap (TreeExplainer)
rf_insider_meta_v5,rf 10b+10m v5 (tuned),8,avg_bet_size_usdc,830.803678745098,0.019682623716435716,shap (TreeExplainer)
rf_insider_meta_v5,rf 10b+10m v5 (tuned),9,unrealized_edge_per_open_token,0.1595924515412346,0.01675804447073477,shap (TreeExplainer)
rf_insider_meta_v5,rf 10b+10m v5 (tuned),10,adaptive_markout_raw_grosswt_h0p150,0.15934613610972365,0.014543128959336325,shap (TreeExplainer)
rf_insider_meta_v5,rf 10b+10m v5 (tuned),11,winrate,0.0,0.014274184634027503,shap (TreeExplainer)
rf_insider_meta_v5,rf 10b+10m v5 (tuned),12,adaptive_markout_raw_grosswt_h0p200,0.15932166104931939,0.012593106016382152,shap (TreeExplainer)
retrained_xgb_insider_meta_v5,retrained_xgb_insider_meta_v5,1,unrealized_edge_per_open_token_sqrt,1.3126286617580254,0.6103215217590332,shap (TreeExplainer)
retrained_xgb_insider_meta_v5,retrained_xgb_insider_meta_v5,2,median_bet_size_usdc,24.112,-0.5515571236610413,shap (TreeExplainer)
retrained_xgb_insider_meta_v5,retrained_xgb_insider_meta_v5,3,herfindahl_index_markets,1.0,0.3993986248970032,shap (TreeExplainer)
retrained_xgb_insider_meta_v5,retrained_xgb_insider_meta_v5,4,buy_markout_adj_grosswt_h0p030_lb0p200,-0.08373586007681719,-0.39912551641464233,shap (TreeExplainer)
retrained_xgb_insider_meta_v5,retrained_xgb_insider_meta_v5,5,wallet_age_seconds,88.0,0.3331838846206665,shap (TreeExplainer)
retrained_xgb_insider_meta_v5,retrained_xgb_insider_meta_v5,6,total_bet_size_usdc,42370.987616,0.32384395599365234,shap (TreeExplainer)
retrained_xgb_insider_meta_v5,retrained_xgb_insider_meta_v5,7,realized_pnl_per_closing_trade,5185.628806436251,0.30662161111831665,shap (TreeExplainer)
retrained_xgb_insider_meta_v5,retrained_xgb_insider_meta_v5,8,wallet_to_market_age_ratio,2.08865832421721e-05,0.2680697739124298,shap (TreeExplainer)
retrained_xgb_insider_meta_v5,retrained_xgb_insider_meta_v5,9,avg_bet_size_usdc,830.803678745098,0.23521408438682556,shap (TreeExplainer)
retrained_xgb_insider_meta_v5,retrained_xgb_insider_meta_v5,10,adaptive_markout_raw_grosswt_h0p070,0.15939508623053217,0.17707747220993042,shap (TreeExplainer)
retrained_xgb_insider_meta_v5,retrained_xgb_insider_meta_v5,11,pnl_sharpe,,-0.14460253715515137,shap (TreeExplainer)
retrained_xgb_insider_meta_v5,retrained_xgb_insider_meta_v5,12,wallet_minus_market_age_seconds,-4213143.0,0.13130076229572296,shap (TreeExplainer)
rf_insider_meta_v4,rf 10b+17m v4 (axiom),1,herfindahl_index_markets,1.0,0.09214772590148815,shap (TreeExplainer)
rf_insider_meta_v4,rf 10b+17m v4 (axiom),2,median_bet_size_usdc,24.112,-0.07107274896694754,shap (TreeExplainer)
rf_insider_meta_v4,rf 10b+17m v4 (axiom),3,time_since_first_deposit_to_first_trade_seconds,88.0,0.047132393283727037,shap (TreeExplainer)
rf_insider_meta_v4,rf 10b+17m v4 (axiom),4,wallet_age_seconds,88.0,0.04115684211921786,shap (TreeExplainer)
rf_insider_meta_v4,rf 10b+17m v4 (axiom),5,buy_markout_adj_grosswt_h0p030_lb0p200,-0.08373586007681719,-0.03735976614456939,shap (TreeExplainer)
rf_insider_meta_v4,rf 10b+17m v4 (axiom),6,winrate,0.0,0.0333781821475449,shap (TreeExplainer)
rf_insider_meta_v4,rf 10b+17m v4 (axiom),7,wallet_to_market_age_ratio,2.08865832421721e-05,0.03328861880418173,shap (TreeExplainer)
rf_insider_meta_v4,rf 10b+17m v4 (axiom),8,lifetime_volume_share_on_market,0.8295951662624563,0.03076779201437351,shap (TreeExplainer)
rf_insider_meta_v4,rf 10b+17m v4 (axiom),9,avg_bet_size_usdc,830.803678745098,0.02142799896515285,shap (TreeExplainer)
rf_insider_meta_v4,rf 10b+17m v4 (axiom),10,n_markets_traded,1.0,0.01615739707600539,shap (TreeExplainer)
rf_insider_meta_v4,rf 10b+17m v4 (axiom),11,adaptive_markout_raw_grosswt_h0p200,0.15932166104931939,0.01615533111558991,shap (TreeExplainer)
rf_insider_meta_v4,rf 10b+17m v4 (axiom),12,unrealized_edge_per_open_token_sqrt,1.3126286617580254,0.015998100972251468,shap (TreeExplainer)
xgb_insider_0ir,xgb 0ir-hidden (30f),1,median_bet_size_usdc,24.112,-1.425318717956543,shap (TreeExplainer)
xgb_insider_0ir,xgb 0ir-hidden (30f),2,herfindahl_index_markets,1.0,0.7166628837585449,shap (TreeExplainer)
xgb_insider_0ir,xgb 0ir-hidden (30f),3,unrealized_edge_per_open_token_sqrt,1.3126286617580254,0.6390175223350525,shap (TreeExplainer)
xgb_insider_0ir,xgb 0ir-hidden (30f),4,winrate,0.0,-0.6197398900985718,shap (TreeExplainer)
xgb_insider_0ir,xgb 0ir-hidden (30f),5,realized_pnl_per_closing_trade,5185.628806436251,0.6009109616279602,shap (TreeExplainer)
xgb_insider_0ir,xgb 0ir-hidden (30f),6,buy_markout_adj_grosswt_h0p070_lb0p150,0.8041963465143134,-0.4880247116088867,shap (TreeExplainer)
xgb_insider_0ir,xgb 0ir-hidden (30f),7,time_to_major_move_pct_of_market,0.033365075040706196,0.4396652579307556,shap (TreeExplainer)
xgb_insider_0ir,xgb 0ir-hidden (30f),8,wallet_minus_market_age_seconds,-4213143.0,0.4292488992214203,shap (TreeExplainer)
xgb_insider_0ir,xgb 0ir-hidden (30f),9,wallet_to_market_age_ratio,2.08865832421721e-05,0.30535802245140076,shap (TreeExplainer)
xgb_insider_0ir,xgb 0ir-hidden (30f),10,buy_markout_adj_grosswt_h0p030_lb0p010,-0.08221828218324058,-0.29738813638687134,shap (TreeExplainer)
xgb_insider_0ir,xgb 0ir-hidden (30f),11,buy_markout_adj_mean_h0p200_lb0p030,7.317772587887713,-0.29696065187454224,shap (TreeExplainer)
xgb_insider_0ir,xgb 0ir-hidden (30f),12,wallet_age_seconds,88.0,0.2764265239238739,shap (TreeExplainer)
rf_insider_meta_v3,rf 10b+17m v3,1,unrealized_edge_per_open_token_sqrt,1.3126286617580254,0.06692938776959481,shap (TreeExplainer)
rf_insider_meta_v3,rf 10b+17m v3,2,median_bet_size_usdc,24.112,-0.05972242619135035,shap (TreeExplainer)
rf_insider_meta_v3,rf 10b+17m v3,3,herfindahl_index_markets,1.0,0.057000523729561506,shap (TreeExplainer)
rf_insider_meta_v3,rf 10b+17m v3,4,avg_bet_size_usdc,830.803678745098,0.05162346965219785,shap (TreeExplainer)
rf_insider_meta_v3,rf 10b+17m v3,5,buy_markout_adj_grosswt_h0p030_lb0p200,-0.08373586007681719,-0.03248713485441013,shap (TreeExplainer)
rf_insider_meta_v3,rf 10b+17m v3,6,wallet_age_seconds,88.0,0.0317937366245245,shap (TreeExplainer)
rf_insider_meta_v3,rf 10b+17m v3,7,wallet_to_market_age_ratio,2.08865832421721e-05,0.03112951779253138,shap (TreeExplainer)
rf_insider_meta_v3,rf 10b+17m v3,8,time_since_first_deposit_to_first_trade_seconds,88.0,0.026176704483087194,shap (TreeExplainer)
rf_insider_meta_v3,rf 10b+17m v3,9,wallet_minus_market_age_seconds,-4213143.0,0.021742420022410662,shap (TreeExplainer)
rf_insider_meta_v3,rf 10b+17m v3,10,realized_pnl_per_closing_trade,5185.628806436251,0.01888928085580727,shap (TreeExplainer)
rf_insider_meta_v3,rf 10b+17m v3,11,total_bet_size_usdc,42370.987616,0.017158551561580464,shap (TreeExplainer)
rf_insider_meta_v3,rf 10b+17m v3,12,unrealized_edge_per_open_token,0.1595924515412346,0.013935275172970413,shap (TreeExplainer)
retrained_xgb_insider_0ir,retrained_xgb_insider_0ir,1,median_bet_size_usdc,24.112,-1.5314178466796875,shap (TreeExplainer)
retrained_xgb_insider_0ir,retrained_xgb_insider_0ir,2,herfindahl_index_markets,1.0,0.8728169798851013,shap (TreeExplainer)
retrained_xgb_insider_0ir,retrained_xgb_insider_0ir,3,realized_pnl_per_closing_trade,5185.628806436251,0.7606762647628784,shap (TreeExplainer)
retrained_xgb_insider_0ir,retrained_xgb_insider_0ir,4,winrate,0.0,-0.6473557353019714,shap (TreeExplainer)
retrained_xgb_insider_0ir,retrained_xgb_insider_0ir,5,time_since_first_deposit_to_first_trade_seconds,88.0,0.5660879611968994,shap (TreeExplainer)
retrained_xgb_insider_0ir,retrained_xgb_insider_0ir,6,unrealized_edge_per_open_token_sqrt,1.3126286617580254,0.41138315200805664,shap (TreeExplainer)
retrained_xgb_insider_0ir,retrained_xgb_insider_0ir,7,wallet_age_seconds,88.0,0.3772784471511841,shap (TreeExplainer)
retrained_xgb_insider_0ir,retrained_xgb_insider_0ir,8,buy_markout_adj_grosswt_h0p070_lb0p150,0.8041963465143134,-0.2934997081756592,shap (TreeExplainer)
retrained_xgb_insider_0ir,retrained_xgb_insider_0ir,9,wallet_to_market_age_ratio,2.08865832421721e-05,0.23872791230678558,shap (TreeExplainer)
retrained_xgb_insider_0ir,retrained_xgb_insider_0ir,10,adaptive_markout_raw_grosswt_h0p070,0.15939508623053217,0.2383958250284195,shap (TreeExplainer)
retrained_xgb_insider_0ir,retrained_xgb_insider_0ir,11,buy_markout_adj_grosswt_h0p030_lb0p010,-0.08221828218324058,-0.21720851957798004,shap (TreeExplainer)
retrained_xgb_insider_0ir,retrained_xgb_insider_0ir,12,buy_markout_adj_mean_h0p200_lb0p200,7.312842576272982,-0.21105363965034485,shap (TreeExplainer)
retrained_rf_insider_meta_v3,retrained_rf_insider_meta_v3,1,unrealized_edge_per_open_token_sqrt,1.3126286617580254,0.07584422430961468,shap (TreeExplainer)
retrained_rf_insider_meta_v3,retrained_rf_insider_meta_v3,2,herfindahl_index_markets,1.0,0.061297814331641914,shap (TreeExplainer)
retrained_rf_insider_meta_v3,retrained_rf_insider_meta_v3,3,buy_markout_adj_grosswt_h0p030_lb0p200,-0.08373586007681719,-0.04541879158927532,shap (TreeExplainer)
retrained_rf_insider_meta_v3,retrained_rf_insider_meta_v3,4,lifetime_volume_share_on_market,0.8295951662624563,0.036295622628043846,shap (TreeExplainer)
retrained_rf_insider_meta_v3,retrained_rf_insider_meta_v3,5,median_bet_size_usdc,24.112,-0.03619871551284288,shap (TreeExplainer)
retrained_rf_insider_meta_v3,retrained_rf_insider_meta_v3,6,wallet_to_market_age_ratio,2.08865832421721e-05,0.032979961552785965,shap (TreeExplainer)
retrained_rf_insider_meta_v3,retrained_rf_insider_meta_v3,7,time_since_first_deposit_to_first_trade_seconds,88.0,0.026524324892943044,shap (TreeExplainer)
retrained_rf_insider_meta_v3,retrained_rf_insider_meta_v3,8,wallet_age_seconds,88.0,0.025360489847432072,shap (TreeExplainer)
retrained_rf_insider_meta_v3,retrained_rf_insider_meta_v3,9,adaptive_markout_raw_grosswt_h0p200,0.15932166104931939,0.019548492392457373,shap (TreeExplainer)
retrained_rf_insider_meta_v3,retrained_rf_insider_meta_v3,10,wallet_minus_market_age_seconds,-4213143.0,0.019377034369844916,shap (TreeExplainer)
retrained_rf_insider_meta_v3,retrained_rf_insider_meta_v3,11,winrate,0.0,0.01566943221624457,shap (TreeExplainer)
retrained_rf_insider_meta_v3,retrained_rf_insider_meta_v3,12,realized_pnl_per_closing_trade,5185.628806436251,0.014427374180794176,shap (TreeExplainer)
rf_insider_25ir,rf 25ir-hidden (20f),1,wallet_to_market_age_ratio,2.08865832421721e-05,0.10045534886486297,shap (TreeExplainer)
rf_insider_25ir,rf 25ir-hidden (20f),2,herfindahl_index_markets,1.0,0.06218538442109912,shap (TreeExplainer)
rf_insider_25ir,rf 25ir-hidden (20f),3,time_since_first_deposit_to_first_trade_seconds,88.0,0.060408394202035635,shap (TreeExplainer)
rf_insider_25ir,rf 25ir-hidden (20f),4,wallet_age_seconds,88.0,0.053708245985567137,shap (TreeExplainer)
rf_insider_25ir,rf 25ir-hidden (20f),5,median_bet_size_usdc,24.112,-0.05224101685714967,shap (TreeExplainer)
rf_insider_25ir,rf 25ir-hidden (20f),6,unrealized_edge_per_open_token_sqrt,1.3126286617580254,0.04481888206263119,shap (TreeExplainer)
rf_insider_25ir,rf 25ir-hidden (20f),7,wallet_minus_market_age_seconds,-4213143.0,0.0371614459963596,shap (TreeExplainer)
rf_insider_25ir,rf 25ir-hidden (20f),8,buy_markout_adj_grosswt_h0p030_lb0p200,-0.08373586007681719,-0.03214334218776632,shap (TreeExplainer)
rf_insider_25ir,rf 25ir-hidden (20f),9,avg_bet_size_usdc,830.803678745098,0.027667540708850365,shap (TreeExplainer)
rf_insider_25ir,rf 25ir-hidden (20f),10,adaptive_markout_raw_grosswt_h0p150,0.15934613610972365,0.01698608751396398,shap (TreeExplainer)
rf_insider_25ir,rf 25ir-hidden (20f),11,unrealized_edge_per_open_token,0.1595924515412346,0.014040146202059843,shap (TreeExplainer)
rf_insider_25ir,rf 25ir-hidden (20f),12,adaptive_markout_raw_grosswt_h0p010,0.15939508623053217,0.013872125092150805,shap (TreeExplainer)
retrained_rf_insider_meta_v4,retrained_rf_insider_meta_v4,1,median_bet_size_usdc,24.112,-0.10512116835612006,shap (TreeExplainer)
retrained_rf_insider_meta_v4,retrained_rf_insider_meta_v4,2,herfindahl_index_markets,1.0,0.08050678311527831,shap (TreeExplainer)
retrained_rf_insider_meta_v4,retrained_rf_insider_meta_v4,3,lifetime_volume_share_on_market,0.8295951662624563,0.06328955217606182,shap (TreeExplainer)
retrained_rf_insider_meta_v4,retrained_rf_insider_meta_v4,4,buy_markout_adj_grosswt_h0p030_lb0p200,-0.08373586007681719,-0.05916481707826056,shap (TreeExplainer)
retrained_rf_insider_meta_v4,retrained_rf_insider_meta_v4,5,time_since_first_deposit_to_first_trade_seconds,88.0,0.0429494804073269,shap (TreeExplainer)
retrained_rf_insider_meta_v4,retrained_rf_insider_meta_v4,6,total_bet_size_usdc,42370.987616,0.03214065087487113,shap (TreeExplainer)
retrained_rf_insider_meta_v4,retrained_rf_insider_meta_v4,7,winrate,0.0,0.030258807961995458,shap (TreeExplainer)
retrained_rf_insider_meta_v4,retrained_rf_insider_meta_v4,8,wallet_age_seconds,88.0,0.027136367346042255,shap (TreeExplainer)
retrained_rf_insider_meta_v4,retrained_rf_insider_meta_v4,9,wallet_to_market_age_ratio,2.08865832421721e-05,0.023676717300042147,shap (TreeExplainer)
retrained_rf_insider_meta_v4,retrained_rf_insider_meta_v4,10,unrealized_edge_per_open_token_sqrt,1.3126286617580254,0.015613457164062858,shap (TreeExplainer)
retrained_rf_insider_meta_v4,retrained_rf_insider_meta_v4,11,unrealized_edge_per_open_token,0.1595924515412346,0.015256485223462526,shap (TreeExplainer)
retrained_rf_insider_meta_v4,retrained_rf_insider_meta_v4,12,buy_markout_adj_grosswt_h0p070_lb0p150,0.8041963465143134,0.013568400531179666,shap (TreeExplainer)
retrained_xgb_insider_meta10_v6,retrained_xgb_insider_meta10_v6,1,herfindahl_index_markets,1.0,0.699751079082489,shap (TreeExplainer)
retrained_xgb_insider_meta10_v6,retrained_xgb_insider_meta10_v6,2,wallet_to_market_age_ratio,2.08865832421721e-05,0.5829724669456482,shap (TreeExplainer)
retrained_xgb_insider_meta10_v6,retrained_xgb_insider_meta10_v6,3,median_bet_size_usdc,24.112,-0.574623703956604,shap (TreeExplainer)
retrained_xgb_insider_meta10_v6,retrained_xgb_insider_meta10_v6,4,n_markets_traded,1.0,0.16764862835407257,shap (TreeExplainer)
retrained_xgb_insider_meta10_v6,retrained_xgb_insider_meta10_v6,5,winrate,0.0,-0.14664196968078613,shap (TreeExplainer)
retrained_xgb_insider_meta10_v6,retrained_xgb_insider_meta10_v6,6,time_since_first_deposit_to_first_trade_seconds,88.0,0.1277507245540619,shap (TreeExplainer)
retrained_xgb_insider_meta10_v6,retrained_xgb_insider_meta10_v6,7,wallet_minus_market_age_seconds,-4213143.0,-0.09894934296607971,shap (TreeExplainer)
retrained_xgb_insider_meta10_v6,retrained_xgb_insider_meta10_v6,8,wallet_age_seconds,88.0,0.053996406495571136,shap (TreeExplainer)
retrained_xgb_insider_meta10_v6,retrained_xgb_insider_meta10_v6,9,avg_bet_size_usdc,830.803678745098,-0.04520455747842789,shap (TreeExplainer)
retrained_xgb_insider_meta10_v6,retrained_xgb_insider_meta10_v6,10,funder_flagged_wallet_count,,0.026002835482358932,shap (TreeExplainer)
xgb_insider_meta10_v6,xgb meta-only v6,1,herfindahl_index_markets,1.0,0.872450590133667,shap (TreeExplainer)
xgb_insider_meta10_v6,xgb meta-only v6,2,avg_bet_size_usdc,830.803678745098,0.49876779317855835,shap (TreeExplainer)
xgb_insider_meta10_v6,xgb meta-only v6,3,wallet_minus_market_age_seconds,-4213143.0,0.4488609731197357,shap (TreeExplainer)
xgb_insider_meta10_v6,xgb meta-only v6,4,n_markets_traded,1.0,0.23649299144744873,shap (TreeExplainer)
xgb_insider_meta10_v6,xgb meta-only v6,5,time_since_first_deposit_to_first_trade_seconds,88.0,0.0887075811624527,shap (TreeExplainer)
xgb_insider_meta10_v6,xgb meta-only v6,6,wallet_to_market_age_ratio,2.08865832421721e-05,-0.06473929435014725,shap (TreeExplainer)
xgb_insider_meta10_v6,xgb meta-only v6,7,median_bet_size_usdc,24.112,-0.043661557137966156,shap (TreeExplainer)
xgb_insider_meta10_v6,xgb meta-only v6,8,funder_flagged_wallet_count,,0.017916880548000336,shap (TreeExplainer)
xgb_insider_meta10_v6,xgb meta-only v6,9,wallet_age_seconds,88.0,0.011576874181628227,shap (TreeExplainer)
xgb_insider_meta10_v6,xgb meta-only v6,10,winrate,0.0,0.0013130266452208161,shap (TreeExplainer)
xgb_insider_25ir,xgb 25ir-hidden (30f),1,median_bet_size_usdc,24.112,-0.4801790714263916,shap (TreeExplainer)
xgb_insider_25ir,xgb 25ir-hidden (30f),2,buy_markout_adj_grosswt_h0p030_lb0p200,-0.08373586007681719,-0.4787440896034241,shap (TreeExplainer)
xgb_insider_25ir,xgb 25ir-hidden (30f),3,time_to_major_move_pct_of_market,0.033365075040706196,-0.417597234249115,shap (TreeExplainer)
xgb_insider_25ir,xgb 25ir-hidden (30f),4,wallet_minus_market_age_seconds,-4213143.0,0.4096279740333557,shap (TreeExplainer)
xgb_insider_25ir,xgb 25ir-hidden (30f),5,time_since_first_deposit_to_first_trade_seconds,88.0,0.40603798627853394,shap (TreeExplainer)
xgb_insider_25ir,xgb 25ir-hidden (30f),6,buy_markout_adj_grosswt_h0p030_lb0p010,-0.08221828218324058,-0.35732072591781616,shap (TreeExplainer)
xgb_insider_25ir,xgb 25ir-hidden (30f),7,unrealized_edge_per_open_token_sqrt,1.3126286617580254,0.3426015079021454,shap (TreeExplainer)
xgb_insider_25ir,xgb 25ir-hidden (30f),8,herfindahl_index_markets,1.0,0.3238585293292999,shap (TreeExplainer)
xgb_insider_25ir,xgb 25ir-hidden (30f),9,avg_bet_size_usdc,830.803678745098,0.3148747980594635,shap (TreeExplainer)
xgb_insider_25ir,xgb 25ir-hidden (30f),10,wallet_to_market_age_ratio,2.08865832421721e-05,0.2374042123556137,shap (TreeExplainer)
xgb_insider_25ir,xgb 25ir-hidden (30f),11,adaptive_plus_realized_alpha0p25_h0p030,0.2531224220003029,0.17967644333839417,shap (TreeExplainer)
xgb_insider_25ir,xgb 25ir-hidden (30f),12,major_move_time_remaining_pct,0.07268341763133024,-0.1503671109676361,shap (TreeExplainer)
retrained_xgb_insider_25ir,retrained_xgb_insider_25ir,1,median_bet_size_usdc,24.112,-0.6751259565353394,shap (TreeExplainer)
retrained_xgb_insider_25ir,retrained_xgb_insider_25ir,2,herfindahl_index_markets,1.0,0.43762949109077454,shap (TreeExplainer)
retrained_xgb_insider_25ir,retrained_xgb_insider_25ir,3,wallet_minus_market_age_seconds,-4213143.0,0.4257775545120239,shap (TreeExplainer)
retrained_xgb_insider_25ir,retrained_xgb_insider_25ir,4,unrealized_edge_per_open_token_sqrt,1.3126286617580254,0.34805309772491455,shap (TreeExplainer)
retrained_xgb_insider_25ir,retrained_xgb_insider_25ir,5,time_since_first_deposit_to_first_trade_seconds,88.0,0.3344196379184723,shap (TreeExplainer)
retrained_xgb_insider_25ir,retrained_xgb_insider_25ir,6,buy_markout_adj_grosswt_h0p030_lb0p010,-0.08221828218324058,-0.3282967805862427,shap (TreeExplainer)
retrained_xgb_insider_25ir,retrained_xgb_insider_25ir,7,wallet_to_market_age_ratio,2.08865832421721e-05,0.2625296711921692,shap (TreeExplainer)
retrained_xgb_insider_25ir,retrained_xgb_insider_25ir,8,winrate,0.0,-0.20056383311748505,shap (TreeExplainer)
retrained_xgb_insider_25ir,retrained_xgb_insider_25ir,9,buy_markout_adj_grosswt_h0p030_lb0p200,-0.08373586007681719,-0.1833098977804184,shap (TreeExplainer)
retrained_xgb_insider_25ir,retrained_xgb_insider_25ir,10,adaptive_plus_realized_alpha0p5_h0p070,0.34684975777007365,0.16441872715950012,shap (TreeExplainer)
retrained_xgb_insider_25ir,retrained_xgb_insider_25ir,11,wallet_age_seconds,88.0,0.14323090016841888,shap (TreeExplainer)
retrained_xgb_insider_25ir,retrained_xgb_insider_25ir,12,adaptive_markout_raw_grosswt_h0p070,0.15939508623053217,0.1394592523574829,shap (TreeExplainer)
retrained_xgb_insider_meta_v7,retrained_xgb_insider_meta_v7,1,time_to_major_move_pct_of_market,0.033365075040706196,-0.6117948889732361,shap (TreeExplainer)
retrained_xgb_insider_meta_v7,retrained_xgb_insider_meta_v7,2,unrealized_edge_per_open_token_sqrt,1.3126286617580254,0.5731160640716553,shap (TreeExplainer)
retrained_xgb_insider_meta_v7,retrained_xgb_insider_meta_v7,3,median_bet_size_usdc,24.112,-0.4590609669685364,shap (TreeExplainer)
retrained_xgb_insider_meta_v7,retrained_xgb_insider_meta_v7,4,herfindahl_index_markets,1.0,0.451447993516922,shap (TreeExplainer)
retrained_xgb_insider_meta_v7,retrained_xgb_insider_meta_v7,5,avg_bet_size_usdc,830.803678745098,0.271090567111969,shap (TreeExplainer)
retrained_xgb_insider_meta_v7,retrained_xgb_insider_meta_v7,6,time_since_first_deposit_to_first_trade_seconds,88.0,0.25113213062286377,shap (TreeExplainer)
retrained_xgb_insider_meta_v7,retrained_xgb_insider_meta_v7,7,wallet_to_market_age_ratio,2.08865832421721e-05,0.21229837834835052,shap (TreeExplainer)
retrained_xgb_insider_meta_v7,retrained_xgb_insider_meta_v7,8,wallet_age_seconds,88.0,0.19664864242076874,shap (TreeExplainer)
retrained_xgb_insider_meta_v7,retrained_xgb_insider_meta_v7,9,buy_markout_adj_grosswt_h0p030_lb0p010,-0.08221828218324058,-0.19461533427238464,shap (TreeExplainer)
retrained_xgb_insider_meta_v7,retrained_xgb_insider_meta_v7,10,major_move_time_remaining_pct,0.07268341763133024,-0.18105101585388184,shap (TreeExplainer)
retrained_xgb_insider_meta_v7,retrained_xgb_insider_meta_v7,11,buy_markout_adj_grosswt_h0p030_lb0p200,-0.08373586007681719,-0.12632960081100464,shap (TreeExplainer)
retrained_xgb_insider_meta_v7,retrained_xgb_insider_meta_v7,12,wallet_minus_market_age_seconds,-4213143.0,0.07974137365818024,shap (TreeExplainer)
xgb_insider_meta_v7,xgb 20b+10m v7,1,time_to_major_move_pct_of_market,0.033365075040706196,-1.3200639486312866,shap (TreeExplainer)
xgb_insider_meta_v7,xgb 20b+10m v7,2,major_move_time_remaining_pct,0.07268341763133024,-0.7505416870117188,shap (TreeExplainer)
xgb_insider_meta_v7,xgb 20b+10m v7,3,unrealized_edge_per_open_token_sqrt,1.3126286617580254,0.6911700367927551,shap (TreeExplainer)
xgb_insider_meta_v7,xgb 20b+10m v7,4,buy_markout_adj_grosswt_h0p030_lb0p200,-0.08373586007681719,-0.5478628873825073,shap (TreeExplainer)
xgb_insider_meta_v7,xgb 20b+10m v7,5,median_bet_size_usdc,24.112,-0.4318414628505707,shap (TreeExplainer)
xgb_insider_meta_v7,xgb 20b+10m v7,6,avg_bet_size_usdc,830.803678745098,0.4028521180152893,shap (TreeExplainer)
xgb_insider_meta_v7,xgb 20b+10m v7,7,herfindahl_index_markets,1.0,0.35054391622543335,shap (TreeExplainer)
xgb_insider_meta_v7,xgb 20b+10m v7,8,time_since_first_deposit_to_first_trade_seconds,88.0,0.2950237989425659,shap (TreeExplainer)
xgb_insider_meta_v7,xgb 20b+10m v7,9,buy_markout_adj_grosswt_h0p030_lb0p010,-0.08221828218324058,-0.21592910587787628,shap (TreeExplainer)
xgb_insider_meta_v7,xgb 20b+10m v7,10,wallet_to_market_age_ratio,2.08865832421721e-05,0.17151771485805511,shap (TreeExplainer)
xgb_insider_meta_v7,xgb 20b+10m v7,11,adaptive_plus_realized_alpha0p25_h0p030,0.2531224220003029,0.13985233008861542,shap (TreeExplainer)
xgb_insider_meta_v7,xgb 20b+10m v7,12,adaptive_markout_raw_grosswt_h0p070,0.15939508623053217,0.11158155649900436,shap (TreeExplainer)
iso_insider_30feat,isoforest 30feat,1,realized_pnl_per_closing_trade,5185.628806436251,-0.6229297220809935,shap (TreeExplainer)
iso_insider_30feat,isoforest 30feat,2,n_low_buy_building_trades,89.0,-0.6155792025687258,shap (TreeExplainer)
iso_insider_30feat,isoforest 30feat,3,buy_markout_adj_mean_h0p200_lb0p030,7.317772587887713,-0.5570052484514539,shap (TreeExplainer)
iso_insider_30feat,isoforest 30feat,4,buy_markout_adj_mean_h0p200_lb0p200,7.312842576272982,-0.520312185178136,shap (TreeExplainer)
iso_insider_30feat,isoforest 30feat,5,realized_edge_grosswt,0.3749093430790829,-0.5068809949537854,shap (TreeExplainer)
iso_insider_30feat,isoforest 30feat,6,realized_pnl_total,41485.030451490005,-0.2916669990686793,shap (TreeExplainer)
iso_insider_30feat,isoforest 30feat,7,derisk_0p75_time_position_mean,0.671964474117575,-0.28754931896580577,shap (TreeExplainer)
iso_insider_30feat,isoforest 30feat,8,major_move_time_remaining_pct,0.07268341763133024,-0.09647154298883583,shap (TreeExplainer)
iso_insider_30feat,isoforest 30feat,9,adaptive_plus_realized_alpha0p5_h0p070,0.34684975777007365,-0.09378987619722866,shap (TreeExplainer)
iso_insider_30feat,isoforest 30feat,10,high_sell_nonflattening_cash_frac_pctl90,0.0,0.09368958198506172,shap (TreeExplainer)
iso_insider_30feat,isoforest 30feat,11,unrealized_edge_per_open_token_sqrt,1.3126286617580254,-0.08059604841132609,shap (TreeExplainer)
iso_insider_30feat,isoforest 30feat,12,sell_markout_adj_median_h0p150_lb0p200,,0.06737202285424582,shap (TreeExplainer)
rf_insider_0ir,rf 0ir-hidden (20f),1,herfindahl_index_markets,1.0,0.08910344343934082,shap (TreeExplainer)
rf_insider_0ir,rf 0ir-hidden (20f),2,median_bet_size_usdc,24.112,-0.08078232137371365,shap (TreeExplainer)
rf_insider_0ir,rf 0ir-hidden (20f),3,wallet_age_seconds,88.0,0.057325460626430645,shap (TreeExplainer)
rf_insider_0ir,rf 0ir-hidden (20f),4,wallet_to_market_age_ratio,2.08865832421721e-05,0.04570867113995592,shap (TreeExplainer)
rf_insider_0ir,rf 0ir-hidden (20f),5,avg_bet_size_usdc,830.803678745098,0.03968082203264127,shap (TreeExplainer)
rf_insider_0ir,rf 0ir-hidden (20f),6,time_since_first_deposit_to_first_trade_seconds,88.0,0.036975972244759354,shap (TreeExplainer)
rf_insider_0ir,rf 0ir-hidden (20f),7,unrealized_edge_per_open_token_sqrt,1.3126286617580254,0.03296108148981904,shap (TreeExplainer)
rf_insider_0ir,rf 0ir-hidden (20f),8,winrate,0.0,0.02303838218652036,shap (TreeExplainer)
rf_insider_0ir,rf 0ir-hidden (20f),9,adaptive_markout_raw_grosswt_h0p010,0.15939508623053217,0.020754908241237095,shap (TreeExplainer)
rf_insider_0ir,rf 0ir-hidden (20f),10,buy_markout_adj_grosswt_h0p030_lb0p200,-0.08373586007681719,-0.020043602022879782,shap (TreeExplainer)
rf_insider_0ir,rf 0ir-hidden (20f),11,buy_markout_adj_grosswt_h0p070_lb0p150,0.8041963465143134,0.015776038766319257,shap (TreeExplainer)
rf_insider_0ir,rf 0ir-hidden (20f),12,realized_pnl_per_closing_trade,5185.628806436251,0.014283414593094805,shap (TreeExplainer)
xgb_insider_14feat,xgb 14feat,1,adaptive_markout_raw_grosswt_h0p030,0.15939508623053217,-0.5828269124031067,shap (TreeExplainer)
xgb_insider_14feat,xgb 14feat,2,unrealized_edge_per_open_token,0.1595924515412346,-0.4329087734222412,shap (TreeExplainer)
xgb_insider_14feat,xgb 14feat,3,adaptive_plus_realized_alpha0p5_h0p070,0.34684975777007365,0.40271756052970886,shap (TreeExplainer)
xgb_insider_14feat,xgb 14feat,4,adaptive_minus_realized_alpha1p0_h0p030,-0.21551425684855074,0.33336934447288513,shap (TreeExplainer)
xgb_insider_14feat,xgb 14feat,5,low_buy_high_sell_pctl,0.0,-0.3191167712211609,shap (TreeExplainer)
xgb_insider_14feat,xgb 14feat,6,adaptive_markout_latespike_adj_grosswt_h0p070,0.15939508623053217,0.30444416403770447,shap (TreeExplainer)
xgb_insider_14feat,xgb 14feat,7,adaptive_plus_realized_alpha1p0_h0p030,0.5343044293096151,-0.12914331257343292,shap (TreeExplainer)
xgb_insider_14feat,xgb 14feat,8,adaptive_markout_raw_grosswt_h0p070,0.15939508623053217,-0.08443757146596909,shap (TreeExplainer)
xgb_insider_14feat,xgb 14feat,9,realized_pnl_per_matched_token,0.9043616513240537,-0.07520543038845062,shap (TreeExplainer)
xgb_insider_14feat,xgb 14feat,10,adaptive_minus_realized_alpha1p0_h0p070,-0.21551425684855074,0.05999287962913513,shap (TreeExplainer)
xgb_insider_14feat,xgb 14feat,11,adaptive_plus_realized_alpha1p0_h0p070,0.5343044293096151,0.03820084407925606,shap (TreeExplainer)
xgb_insider_14feat,xgb 14feat,12,adaptive_minus_realized_alpha0p5_h0p070,-0.02805958530900929,0.012080444023013115,shap (TreeExplainer)
retrained_rf_insider_0ir,retrained_rf_insider_0ir,1,median_bet_size_usdc,24.112,-0.24683687714069047,shap (TreeExplainer)
retrained_rf_insider_0ir,retrained_rf_insider_0ir,2,buy_markout_adj_grosswt_h0p030_lb0p200,-0.08373586007681719,-0.07097318268928661,shap (TreeExplainer)
retrained_rf_insider_0ir,retrained_rf_insider_0ir,3,herfindahl_index_markets,1.0,0.06944674571018593,shap (TreeExplainer)
retrained_rf_insider_0ir,retrained_rf_insider_0ir,4,wallet_age_seconds,88.0,0.03222228090205296,shap (TreeExplainer)
retrained_rf_insider_0ir,retrained_rf_insider_0ir,5,time_since_first_deposit_to_first_trade_seconds,88.0,0.02233579659290479,shap (TreeExplainer)
retrained_rf_insider_0ir,retrained_rf_insider_0ir,6,wallet_to_market_age_ratio,2.08865832421721e-05,0.02021451945877937,shap (TreeExplainer)
retrained_rf_insider_0ir,retrained_rf_insider_0ir,7,n_markets_traded,1.0,0.017314522658997536,shap (TreeExplainer)
retrained_rf_insider_0ir,retrained_rf_insider_0ir,8,unrealized_edge_per_open_token_sqrt,1.3126286617580254,0.015996009076588595,shap (TreeExplainer)
retrained_rf_insider_0ir,retrained_rf_insider_0ir,9,adaptive_markout_raw_grosswt_h0p070,0.15939508623053217,0.013635268649797774,shap (TreeExplainer)
retrained_rf_insider_0ir,retrained_rf_insider_0ir,10,adaptive_markout_raw_grosswt_h0p150,0.15934613610972365,0.013258417716166222,shap (TreeExplainer)
retrained_rf_insider_0ir,retrained_rf_insider_0ir,11,realized_pnl_per_closing_trade,5185.628806436251,0.012063669851046148,shap (TreeExplainer)
retrained_rf_insider_0ir,retrained_rf_insider_0ir,12,adaptive_markout_raw_grosswt_h0p010,0.15939508623053217,0.011515641713742428,shap (TreeExplainer)
xgb_insider_10feat_v2,xgb 10feat v2,1,unrealized_edge_per_open_token_sqrt,1.3126286617580254,0.7817373871803284,shap (TreeExplainer)
xgb_insider_10feat_v2,xgb 10feat v2,2,realized_pnl_per_closing_trade,5185.628806436251,0.6453219652175903,shap (TreeExplainer)
xgb_insider_10feat_v2,xgb 10feat v2,3,buy_markout_adj_grosswt_h0p030_lb0p200,-0.08373586007681719,-0.36663317680358887,shap (TreeExplainer)
xgb_insider_10feat_v2,xgb 10feat v2,4,adaptive_markout_raw_grosswt_h0p070,0.15939508623053217,0.24968646466732025,shap (TreeExplainer)
xgb_insider_10feat_v2,xgb 10feat v2,5,buy_markout_adj_grosswt_h0p070_lb0p150,0.8041963465143134,0.19622382521629333,shap (TreeExplainer)
xgb_insider_10feat_v2,xgb 10feat v2,6,unrealized_edge_per_open_token,0.1595924515412346,0.1343003660440445,shap (TreeExplainer)
xgb_insider_10feat_v2,xgb 10feat v2,7,adaptive_markout_raw_grosswt_h0p150,0.15934613610972365,-0.027997732162475586,shap (TreeExplainer)
xgb_insider_10feat_v2,xgb 10feat v2,8,adaptive_markout_raw_grosswt_h0p010,0.15939508623053217,0.006000815890729427,shap (TreeExplainer)
xgb_insider_10feat_v2,xgb 10feat v2,9,adaptive_markout_raw_grosswt_h0p200,0.15932166104931939,0.0,shap (TreeExplainer)
xgb_insider_10feat_v2,xgb 10feat v2,10,high_sell_nonflattening_cash_frac_pctl90,0.0,0.0,shap (TreeExplainer)
lr_insider_30feat,logreg 30feat,1,major_move_time_remaining_pct,0.07268341763133024,-0.515320585039806,"linear (coef*x, log-odds)"
lr_insider_30feat,logreg 30feat,2,realized_pnl_per_closing_trade,5185.628806436251,0.49458845177062416,"linear (coef*x, log-odds)"
lr_insider_30feat,logreg 30feat,3,realized_pnl_total,41485.030451490005,0.1954092013450102,"linear (coef*x, log-odds)"
lr_insider_30feat,logreg 30feat,4,time_to_major_move_pct_of_market,0.033365075040706196,-0.16802930693069748,"linear (coef*x, log-odds)"
lr_insider_30feat,logreg 30feat,5,adaptive_plus_realized_alpha0p5_h0p070,0.34684975777007365,0.11156967547879265,"linear (coef*x, log-odds)"
lr_insider_30feat,logreg 30feat,6,unrealized_edge_per_open_token_sqrt,1.3126286617580254,0.10358298090547727,"linear (coef*x, log-odds)"
lr_insider_30feat,logreg 30feat,7,adaptive_plus_realized_alpha0p25_h0p030,0.2531224220003029,0.0796829802817676,"linear (coef*x, log-odds)"
lr_insider_30feat,logreg 30feat,8,buy_markout_adj_grosswt_h0p030_lb0p010,-0.08221828218324058,-0.0692405482274545,"linear (coef*x, log-odds)"
lr_insider_30feat,logreg 30feat,9,buy_markout_adj_grosswt_h0p030_lb0p200,-0.08373586007681719,-0.06876826914176007,"linear (coef*x, log-odds)"
lr_insider_30feat,logreg 30feat,10,high_sell_nonflattening_cash_frac_pctl90,0.0,0.05487328035641707,"linear (coef*x, log-odds)"
lr_insider_30feat,logreg 30feat,11,active_day_frac,0.23076923076923078,-0.05376106007207943,"linear (coef*x, log-odds)"
lr_insider_30feat,logreg 30feat,12,realized_edge_grosswt,0.3749093430790829,-0.04669006342328164,"linear (coef*x, log-odds)"
rf_insider_10feat_v2,rf 10feat v2,1,unrealized_edge_per_open_token_sqrt,1.3126286617580254,0.06291758636691133,shap (TreeExplainer)
rf_insider_10feat_v2,rf 10feat v2,2,realized_pnl_per_closing_trade,5185.628806436251,0.03855717326422963,shap (TreeExplainer)
rf_insider_10feat_v2,rf 10feat v2,3,adaptive_markout_raw_grosswt_h0p070,0.15939508623053217,-0.027259417363211833,shap (TreeExplainer)
rf_insider_10feat_v2,rf 10feat v2,4,adaptive_markout_raw_grosswt_h0p200,0.15932166104931939,-0.020758196245856515,shap (TreeExplainer)
rf_insider_10feat_v2,rf 10feat v2,5,adaptive_markout_raw_grosswt_h0p010,0.15939508623053217,-0.018530588651280613,shap (TreeExplainer)
rf_insider_10feat_v2,rf 10feat v2,6,unrealized_edge_per_open_token,0.1595924515412346,-0.018122196813890278,shap (TreeExplainer)
rf_insider_10feat_v2,rf 10feat v2,7,buy_markout_adj_grosswt_h0p030_lb0p200,-0.08373586007681719,-0.015888786862077557,shap (TreeExplainer)
rf_insider_10feat_v2,rf 10feat v2,8,adaptive_markout_raw_grosswt_h0p150,0.15934613610972365,-0.012349748706677207,shap (TreeExplainer)
rf_insider_10feat_v2,rf 10feat v2,9,buy_markout_adj_grosswt_h0p070_lb0p150,0.8041963465143134,0.007648013644090698,shap (TreeExplainer)
rf_insider_10feat_v2,rf 10feat v2,10,high_sell_nonflattening_cash_frac_pctl90,0.0,-0.0023885638554568714,shap (TreeExplainer)
cb_insider_10feat_v2_d2,cb 10feat v2 (d2),1,buy_markout_adj_grosswt_h0p030_lb0p200,-0.08373586007681719,-0.26118110564511604,shap (TreeExplainer)
cb_insider_10feat_v2_d2,cb 10feat v2 (d2),2,realized_pnl_per_closing_trade,5185.628806436251,0.25129756555765376,shap (TreeExplainer)
cb_insider_10feat_v2_d2,cb 10feat v2 (d2),3,adaptive_markout_raw_grosswt_h0p150,0.15934613610972365,0.2431181153417774,shap (TreeExplainer)
cb_insider_10feat_v2_d2,cb 10feat v2 (d2),4,unrealized_edge_per_open_token_sqrt,1.3126286617580254,0.1896161735197711,shap (TreeExplainer)
cb_insider_10feat_v2_d2,cb 10feat v2 (d2),5,adaptive_markout_raw_grosswt_h0p010,0.15939508623053217,0.15851246694145965,shap (TreeExplainer)
cb_insider_10feat_v2_d2,cb 10feat v2 (d2),6,adaptive_markout_raw_grosswt_h0p070,0.15939508623053217,0.1292656450542993,shap (TreeExplainer)
cb_insider_10feat_v2_d2,cb 10feat v2 (d2),7,buy_markout_adj_grosswt_h0p070_lb0p150,0.8041963465143134,0.08953812217624173,shap (TreeExplainer)
cb_insider_10feat_v2_d2,cb 10feat v2 (d2),8,unrealized_edge_per_open_token,0.1595924515412346,0.050961499971712704,shap (TreeExplainer)
cb_insider_10feat_v2_d2,cb 10feat v2 (d2),9,adaptive_markout_raw_grosswt_h0p200,0.15932166104931939,-0.023543363504869297,shap (TreeExplainer)
cb_insider_10feat_v2_d2,cb 10feat v2 (d2),10,high_sell_nonflattening_cash_frac_pctl90,0.0,0.004557325853590267,shap (TreeExplainer)
cb_insider_10feat_v2,cb 10feat v2,1,buy_markout_adj_grosswt_h0p030_lb0p200,-0.08373586007681719,-0.3217814819895907,shap (TreeExplainer)
cb_insider_10feat_v2,cb 10feat v2,2,unrealized_edge_per_open_token_sqrt,1.3126286617580254,0.27743643788934275,shap (TreeExplainer)
cb_insider_10feat_v2,cb 10feat v2,3,adaptive_markout_raw_grosswt_h0p200,0.15932166104931939,0.202169897962405,shap (TreeExplainer)
cb_insider_10feat_v2,cb 10feat v2,4,buy_markout_adj_grosswt_h0p070_lb0p150,0.8041963465143134,0.14177221534195575,shap (TreeExplainer)
cb_insider_10feat_v2,cb 10feat v2,5,adaptive_markout_raw_grosswt_h0p010,0.15939508623053217,0.10570481188633477,shap (TreeExplainer)
cb_insider_10feat_v2,cb 10feat v2,6,adaptive_markout_raw_grosswt_h0p150,0.15934613610972365,0.05536674093084212,shap (TreeExplainer)
cb_insider_10feat_v2,cb 10feat v2,7,adaptive_markout_raw_grosswt_h0p070,0.15939508623053217,-0.05063786088304804,shap (TreeExplainer)
cb_insider_10feat_v2,cb 10feat v2,8,realized_pnl_per_closing_trade,5185.628806436251,0.02423103108928804,shap (TreeExplainer)
cb_insider_10feat_v2,cb 10feat v2,9,high_sell_nonflattening_cash_frac_pctl90,0.0,0.02153711116798666,shap (TreeExplainer)
cb_insider_10feat_v2,cb 10feat v2,10,unrealized_edge_per_open_token,0.1595924515412346,0.005226214172175121,shap (TreeExplainer)
xgb_insider_30feat_v2,xgb 30feat v2,1,time_to_major_move_pct_of_market,0.033365075040706196,-0.9187430739402771,shap (TreeExplainer)
xgb_insider_30feat_v2,xgb 30feat v2,2,unrealized_edge_per_open_token_sqrt,1.3126286617580254,0.23224963247776031,shap (TreeExplainer)
xgb_insider_30feat_v2,xgb 30feat v2,3,realized_pnl_total,41485.030451490005,0.18050064146518707,shap (TreeExplainer)
xgb_insider_30feat_v2,xgb 30feat v2,4,buy_markout_adj_grosswt_h0p030_lb0p010,-0.08221828218324058,-0.13551364839076996,shap (TreeExplainer)
xgb_insider_30feat_v2,xgb 30feat v2,5,buy_markout_adj_grosswt_h0p030_lb0p200,-0.08373586007681719,-0.13335180282592773,shap (TreeExplainer)
xgb_insider_30feat_v2,xgb 30feat v2,6,adaptive_plus_realized_alpha0p25_h0p030,0.2531224220003029,0.09794973582029343,shap (TreeExplainer)
xgb_insider_30feat_v2,xgb 30feat v2,7,major_move_time_remaining_pct,0.07268341763133024,-0.0942964255809784,shap (TreeExplainer)
xgb_insider_30feat_v2,xgb 30feat v2,8,adaptive_markout_raw_grosswt_h0p070,0.15939508623053217,0.08860313892364502,shap (TreeExplainer)
xgb_insider_30feat_v2,xgb 30feat v2,9,realized_pnl_per_closing_trade,5185.628806436251,0.08037543296813965,shap (TreeExplainer)
xgb_insider_30feat_v2,xgb 30feat v2,10,active_day_frac,0.23076923076923078,-0.06007469445466995,shap (TreeExplainer)
xgb_insider_30feat_v2,xgb 30feat v2,11,adaptive_plus_realized_alpha0p5_h0p070,0.34684975777007365,0.05808885395526886,shap (TreeExplainer)
xgb_insider_30feat_v2,xgb 30feat v2,12,n_low_buy_building_trades,89.0,0.058059725910425186,shap (TreeExplainer)
cb_insider_30feat_v2,cb 30feat v2,1,time_to_major_move_pct_of_market,0.033365075040706196,-0.7597822336683029,shap (TreeExplainer)
cb_insider_30feat_v2,cb 30feat v2,2,buy_markout_adj_grosswt_h0p030_lb0p200,-0.08373586007681719,-0.17899443113192096,shap (TreeExplainer)
cb_insider_30feat_v2,cb 30feat v2,3,adaptive_markout_raw_grosswt_h0p150,0.15934613610972365,0.17816593843349993,shap (TreeExplainer)
cb_insider_30feat_v2,cb 30feat v2,4,active_day_frac,0.23076923076923078,-0.17317925656416763,shap (TreeExplainer)
cb_insider_30feat_v2,cb 30feat v2,5,buy_markout_adj_grosswt_h0p030_lb0p010,-0.08221828218324058,-0.16246834596104345,shap (TreeExplainer)
cb_insider_30feat_v2,cb 30feat v2,6,unrealized_edge_per_open_token_sqrt,1.3126286617580254,0.1522290071615054,shap (TreeExplainer)
cb_insider_30feat_v2,cb 30feat v2,7,realized_edge_grosswt,0.3749093430790829,0.13994685664238032,shap (TreeExplainer)
cb_insider_30feat_v2,cb 30feat v2,8,buy_markout_adj_grosswt_h0p070_lb0p150,0.8041963465143134,0.13832557590050196,shap (TreeExplainer)
cb_insider_30feat_v2,cb 30feat v2,9,adaptive_plus_realized_alpha0p25_h0p030,0.2531224220003029,0.12596022574570664,shap (TreeExplainer)
cb_insider_30feat_v2,cb 30feat v2,10,realized_pnl_total,41485.030451490005,0.10645782681841386,shap (TreeExplainer)
cb_insider_30feat_v2,cb 30feat v2,11,sell_markout_adj_median_h0p030_lb0p070,,0.10220736933321471,shap (TreeExplainer)
cb_insider_30feat_v2,cb 30feat v2,12,realized_win_rate_closing_trades,1.0,-0.08972936926068976,shap (TreeExplainer)
xgb_insider_20feat_v2,xgb 20feat v2,1,time_to_major_move_pct_of_market,0.033365075040706196,-1.0467642545700073,shap (TreeExplainer)
xgb_insider_20feat_v2,xgb 20feat v2,2,unrealized_edge_per_open_token_sqrt,1.3126286617580254,0.3042730987071991,shap (TreeExplainer)
xgb_insider_20feat_v2,xgb 20feat v2,3,adaptive_plus_realized_alpha0p25_h0p030,0.2531224220003029,0.19598311185836792,shap (TreeExplainer)
xgb_insider_20feat_v2,xgb 20feat v2,4,realized_pnl_per_closing_trade,5185.628806436251,0.19190248847007751,shap (TreeExplainer)
xgb_insider_20feat_v2,xgb 20feat v2,5,buy_markout_adj_grosswt_h0p070_lb0p150,0.8041963465143134,0.17591260373592377,shap (TreeExplainer)
xgb_insider_20feat_v2,xgb 20feat v2,6,adaptive_markout_raw_grosswt_h0p070,0.15939508623053217,0.12700223922729492,shap (TreeExplainer)
xgb_insider_20feat_v2,xgb 20feat v2,7,buy_markout_adj_grosswt_h0p030_lb0p010,-0.08221828218324058,-0.11563566327095032,shap (TreeExplainer)
xgb_insider_20feat_v2,xgb 20feat v2,8,major_move_time_remaining_pct,0.07268341763133024,-0.10030972957611084,shap (TreeExplainer)
xgb_insider_20feat_v2,xgb 20feat v2,9,adaptive_plus_realized_alpha0p5_h0p070,0.34684975777007365,0.08576666563749313,shap (TreeExplainer)
xgb_insider_20feat_v2,xgb 20feat v2,10,unrealized_edge_per_open_token,0.1595924515412346,0.04481083154678345,shap (TreeExplainer)
xgb_insider_20feat_v2,xgb 20feat v2,11,buy_markout_adj_grosswt_h0p030_lb0p200,-0.08373586007681719,-0.013859513215720654,shap (TreeExplainer)
xgb_insider_20feat_v2,xgb 20feat v2,12,buy_markout_adj_mean_h0p200_lb0p200,7.312842576272982,0.010347701609134674,shap (TreeExplainer)
xgb_insider_20feat_v2_axiom,xgb 20feat v2 (axiom),1,time_to_major_move_pct_of_market,0.033365075040706196,-2.7360382080078125,shap (TreeExplainer)
xgb_insider_20feat_v2_axiom,xgb 20feat v2 (axiom),2,major_move_time_remaining_pct,0.07268341763133024,-0.8062537908554077,shap (TreeExplainer)
xgb_insider_20feat_v2_axiom,xgb 20feat v2 (axiom),3,buy_markout_adj_grosswt_h0p030_lb0p010,-0.08221828218324058,-0.5251823663711548,shap (TreeExplainer)
xgb_insider_20feat_v2_axiom,xgb 20feat v2 (axiom),4,buy_markout_adj_grosswt_h0p030_lb0p200,-0.08373586007681719,-0.4859923720359802,shap (TreeExplainer)
xgb_insider_20feat_v2_axiom,xgb 20feat v2 (axiom),5,buy_markout_adj_grosswt_h0p070_lb0p150,0.8041963465143134,-0.4814799427986145,shap (TreeExplainer)
xgb_insider_20feat_v2_axiom,xgb 20feat v2 (axiom),6,adaptive_plus_realized_alpha0p5_h0p070,0.34684975777007365,0.2891969680786133,shap (TreeExplainer)
xgb_insider_20feat_v2_axiom,xgb 20feat v2 (axiom),7,unrealized_edge_per_open_token_sqrt,1.3126286617580254,0.22480365633964539,shap (TreeExplainer)
xgb_insider_20feat_v2_axiom,xgb 20feat v2 (axiom),8,buy_markout_adj_mean_h0p200_lb0p200,7.312842576272982,-0.189264714717865,shap (TreeExplainer)
xgb_insider_20feat_v2_axiom,xgb 20feat v2 (axiom),9,realized_pnl_per_closing_trade,5185.628806436251,0.13396616280078888,shap (TreeExplainer)
xgb_insider_20feat_v2_axiom,xgb 20feat v2 (axiom),10,adaptive_plus_realized_alpha0p25_h0p030,0.2531224220003029,0.10799763351678848,shap (TreeExplainer)
xgb_insider_20feat_v2_axiom,xgb 20feat v2 (axiom),11,adaptive_markout_raw_grosswt_h0p070,0.15939508623053217,-0.10216604173183441,shap (TreeExplainer)
xgb_insider_20feat_v2_axiom,xgb 20feat v2 (axiom),12,sell_markout_adj_median_h0p150_lb0p010,,0.05919204279780388,shap (TreeExplainer)
xgb_insider_20feat_v2_mstr,xgb 20feat v2 (mstr),1,time_to_major_move_pct_of_market,0.033365075040706196,-2.0820577144622803,shap (TreeExplainer)
xgb_insider_20feat_v2_mstr,xgb 20feat v2 (mstr),2,major_move_time_remaining_pct,0.07268341763133024,-0.7294718623161316,shap (TreeExplainer)
xgb_insider_20feat_v2_mstr,xgb 20feat v2 (mstr),3,buy_markout_adj_grosswt_h0p030_lb0p010,-0.08221828218324058,-0.3835119605064392,shap (TreeExplainer)
xgb_insider_20feat_v2_mstr,xgb 20feat v2 (mstr),4,buy_markout_adj_grosswt_h0p030_lb0p200,-0.08373586007681719,-0.3746173083782196,shap (TreeExplainer)
xgb_insider_20feat_v2_mstr,xgb 20feat v2 (mstr),5,unrealized_edge_per_open_token_sqrt,1.3126286617580254,0.2669946849346161,shap (TreeExplainer)
xgb_insider_20feat_v2_mstr,xgb 20feat v2 (mstr),6,buy_markout_adj_grosswt_h0p070_lb0p150,0.8041963465143134,-0.16431890428066254,shap (TreeExplainer)
xgb_insider_20feat_v2_mstr,xgb 20feat v2 (mstr),7,adaptive_plus_realized_alpha0p25_h0p030,0.2531224220003029,0.1255933791399002,shap (TreeExplainer)
xgb_insider_20feat_v2_mstr,xgb 20feat v2 (mstr),8,realized_pnl_per_closing_trade,5185.628806436251,0.1229710802435875,shap (TreeExplainer)
xgb_insider_20feat_v2_mstr,xgb 20feat v2 (mstr),9,adaptive_plus_realized_alpha0p5_h0p070,0.34684975777007365,0.11775302141904831,shap (TreeExplainer)
xgb_insider_20feat_v2_mstr,xgb 20feat v2 (mstr),10,buy_markout_adj_mean_h0p200_lb0p030,7.317772587887713,-0.11220206320285797,shap (TreeExplainer)
xgb_insider_20feat_v2_mstr,xgb 20feat v2 (mstr),11,adaptive_markout_raw_grosswt_h0p070,0.15939508623053217,-0.06115616112947464,shap (TreeExplainer)
xgb_insider_20feat_v2_mstr,xgb 20feat v2 (mstr),12,adaptive_markout_raw_grosswt_h0p010,0.15939508623053217,-0.05846482515335083,shap (TreeExplainer)
xgb_insider_20feat_v2_stable,xgb 20feat v2 (stable),1,time_to_major_move_pct_of_market,0.033365075040706196,-1.8434619903564453,shap (TreeExplainer)
xgb_insider_20feat_v2_stable,xgb 20feat v2 (stable),2,major_move_time_remaining_pct,0.07268341763133024,-0.7781679034233093,shap (TreeExplainer)
xgb_insider_20feat_v2_stable,xgb 20feat v2 (stable),3,buy_markout_adj_grosswt_h0p030_lb0p200,-0.08373586007681719,-0.5641840100288391,shap (TreeExplainer)
xgb_insider_20feat_v2_stable,xgb 20feat v2 (stable),4,adaptive_plus_realized_alpha0p5_h0p070,0.34684975777007365,0.30964726209640503,shap (TreeExplainer)
xgb_insider_20feat_v2_stable,xgb 20feat v2 (stable),5,unrealized_edge_per_open_token_sqrt,1.3126286617580254,0.29449936747550964,shap (TreeExplainer)
xgb_insider_20feat_v2_stable,xgb 20feat v2 (stable),6,realized_pnl_per_closing_trade,5185.628806436251,0.24508963525295258,shap (TreeExplainer)
xgb_insider_20feat_v2_stable,xgb 20feat v2 (stable),7,buy_markout_adj_grosswt_h0p070_lb0p150,0.8041963465143134,-0.24084167182445526,shap (TreeExplainer)
xgb_insider_20feat_v2_stable,xgb 20feat v2 (stable),8,adaptive_markout_raw_grosswt_h0p070,0.15939508623053217,-0.17654253542423248,shap (TreeExplainer)
xgb_insider_20feat_v2_stable,xgb 20feat v2 (stable),9,buy_markout_adj_grosswt_h0p030_lb0p010,-0.08221828218324058,-0.1239328384399414,shap (TreeExplainer)
xgb_insider_20feat_v2_stable,xgb 20feat v2 (stable),10,adaptive_markout_raw_grosswt_h0p150,0.15934613610972365,0.09905881434679031,shap (TreeExplainer)
xgb_insider_20feat_v2_stable,xgb 20feat v2 (stable),11,buy_markout_adj_mean_h0p200_lb0p200,7.312842576272982,0.052551329135894775,shap (TreeExplainer)
xgb_insider_20feat_v2_stable,xgb 20feat v2 (stable),12,adaptive_markout_raw_grosswt_h0p010,0.15939508623053217,-0.03835511952638626,shap (TreeExplainer)
xgb_insider_50feat,xgb 50feat,1,time_to_major_move_pct_of_market,0.033365075040706196,-4.199615478515625,shap (TreeExplainer)
xgb_insider_50feat,xgb 50feat,2,major_move_time_remaining_pct,0.07268341763133024,-0.6849916577339172,shap (TreeExplainer)
xgb_insider_50feat,xgb 50feat,3,n_low_buy_building_trades,89.0,0.4887661635875702,shap (TreeExplainer)
xgb_insider_50feat,xgb 50feat,4,low_buy_building_cash_frac,1.0,0.48151347041130066,shap (TreeExplainer)
xgb_insider_50feat,xgb 50feat,5,buy_markout_adj_grosswt_h0p070_lb0p150,0.8041963465143134,-0.4095577001571655,shap (TreeExplainer)
xgb_insider_50feat,xgb 50feat,6,buy_markout_adj_grosswt_h0p030_lb0p010,-0.08221828218324058,-0.319654643535614,shap (TreeExplainer)
xgb_insider_50feat,xgb 50feat,7,unrealized_edge_per_open_token_sqrt,1.3126286617580254,0.26487964391708374,shap (TreeExplainer)
xgb_insider_50feat,xgb 50feat,8,adaptive_plus_realized_alpha0p25_h0p030,0.2531224220003029,0.2583322525024414,shap (TreeExplainer)
xgb_insider_50feat,xgb 50feat,9,buy_markout_adj_grosswt_h0p010_lb0p030,0.004125394699422269,-0.25495845079421997,shap (TreeExplainer)
xgb_insider_50feat,xgb 50feat,10,derisk_0p75_time_position_mean,0.671964474117575,-0.23746423423290253,shap (TreeExplainer)
xgb_insider_50feat,xgb 50feat,11,net_tokens,19130.911061,-0.22636549174785614,shap (TreeExplainer)
xgb_insider_50feat,xgb 50feat,12,buy_markout_adj_grosswt_h0p030_lb0p200,-0.08373586007681719,-0.20219650864601135,shap (TreeExplainer)
lgbm_insider_30feat,lgbm 30feat,1,time_to_major_move_pct_of_market,0.033365075040706196,-2.5399075104151043,shap (TreeExplainer)
lgbm_insider_30feat,lgbm 30feat,2,n_low_buy_building_trades,89.0,1.4258928857048532,shap (TreeExplainer)
lgbm_insider_30feat,lgbm 30feat,3,unrealized_edge_per_open_token_sqrt,1.3126286617580254,0.7839946436172283,shap (TreeExplainer)
lgbm_insider_30feat,lgbm 30feat,4,realized_pnl_total,41485.030451490005,0.5022640036555887,shap (TreeExplainer)
lgbm_insider_30feat,lgbm 30feat,5,adaptive_plus_realized_alpha0p25_h0p030,0.2531224220003029,0.40759709367772257,shap (TreeExplainer)
lgbm_insider_30feat,lgbm 30feat,6,major_move_time_remaining_pct,0.07268341763133024,-0.38511453500221,shap (TreeExplainer)
lgbm_insider_30feat,lgbm 30feat,7,realized_edge_grosswt,0.3749093430790829,0.37450445795593934,shap (TreeExplainer)
lgbm_insider_30feat,lgbm 30feat,8,realized_pnl_per_closing_trade,5185.628806436251,0.3515070126515196,shap (TreeExplainer)
lgbm_insider_30feat,lgbm 30feat,9,derisk_0p75_time_position_mean,0.671964474117575,-0.30541760444119037,shap (TreeExplainer)
lgbm_insider_30feat,lgbm 30feat,10,adaptive_plus_realized_alpha0p5_h0p070,0.34684975777007365,0.2765999021272627,shap (TreeExplainer)
lgbm_insider_30feat,lgbm 30feat,11,buy_markout_adj_grosswt_h0p030_lb0p200,-0.08373586007681719,-0.24252452841579833,shap (TreeExplainer)
lgbm_insider_30feat,lgbm 30feat,12,unrealized_edge_per_open_token,0.1595924515412346,0.20529777083991851,shap (TreeExplainer)
